Home Team,Away Team,Reason,Score,URL,UTC Time
"{'name': 'Tottenham Hotspur', 'shortName': 'Tottenham', 'id': '8586'}","{'name': 'Manchester City', 'shortName': 'Man City', 'id': '8456'}",FT,0 - 0,/match/839804/matchfacts/tottenham-hotspur-vs-manchester-city,2010-08-14T09:45:00.000Z
"{'name': 'Aston Villa', 'shortName': 'Aston Villa', 'id': '10252'}","{'name': 'West Ham United', 'shortName': 'West Ham', 'id': '8654'}",FT,3 - 0,/match/839796/matchfacts/aston-villa-vs-west-ham-united,2010-08-14T12:00:00.000Z
"{'name': 'Blackburn Rovers', 'shortName': 'Blackburn', 'id': '8655'}","{'name': 'Everton', 'shortName': 'Everton', 'id': '8668'}",FT,1 - 0,/match/839797/matchfacts/blackburn-rovers-vs-everton,2010-08-14T12:00:00.000Z
"{'name': 'Bolton Wanderers', 'shortName': 'Bolton', 'id': '8559'}","{'name': 'Fulham', 'shortName': 'Fulham', 'id': '9879'}",FT,0 - 0,/match/839799/matchfacts/bolton-wanderers-vs-fulham,2010-08-14T12:00:00.000Z
"{'name': 'Sunderland', 'shortName': 'Sunderland', 'id': '8472'}","{'name': 'Birmingham City', 'shortName': 'Birmingham', 'id': '8658'}",FT,2 - 2,/match/839803/matchfacts/sunderland-vs-birmingham-city,2010-08-14T12:00:00.000Z
"{'name': 'Wigan Athletic', 'shortName': 'Wigan', 'id': '8528'}","{'name': 'Blackpool', 'shortName': 'Blackpool', 'id': '8483'}",FT,0 - 4,/match/840184/matchfacts/wigan-athletic-vs-blackpool,2010-08-14T12:00:00.000Z
"{'name': 'Wolverhampton Wanderers', 'shortName': 'Wolves', 'id': '8602'}","{'name': 'Stoke City', 'shortName': 'Stoke', 'id': '10194'}",FT,2 - 1,/match/839805/matchfacts/wolverhampton-wanderers-vs-stoke-city,2010-08-14T12:00:00.000Z
"{'name': 'Chelsea', 'shortName': 'Chelsea', 'id': '8455'}","{'name': 'West Bromwich Albion', 'shortName': 'West Brom', 'id': '8659'}",FT,6 - 0,/match/839800/matchfacts/chelsea-vs-west-bromwich-albion,2010-08-14T14:30:00.000Z
"{'name': 'Liverpool', 'shortName': 'Liverpool', 'id': '8650'}","{'name': 'Arsenal', 'shortName': 'Arsenal', 'id': '9825'}",FT,1 - 1,/match/839801/matchfacts/liverpool-vs-arsenal,2010-08-15T13:00:00.000Z
"{'name': 'Manchester United', 'shortName': 'Man United', 'id': '10260'}","{'name': 'Newcastle United', 'shortName': 'Newcastle', 'id': '10261'}",FT,3 - 0,/match/839802/matchfacts/manchester-united-vs-newcastle-united,2010-08-16T17:00:00.000Z
"{'name': 'Arsenal', 'shortName': 'Arsenal', 'id': '9825'}","{'name': 'Blackpool', 'shortName': 'Blackpool', 'id': '8483'}",FT,6 - 0,/match/839824/matchfacts/arsenal-vs-blackpool,2010-08-21T12:00:00.000Z
"{'name': 'Birmingham City', 'shortName': 'Birmingham', 'id': '8658'}","{'name': 'Blackburn Rovers', 'shortName': 'Blackburn', 'id': '8655'}",FT,2 - 1,/match/839830/matchfacts/birmingham-city-vs-blackburn-rovers,2010-08-21T12:00:00.000Z
"{'name': 'Everton', 'shortName': 'Everton', 'id': '8668'}","{'name': 'Wolverhampton Wanderers', 'shortName': 'Wolves', 'id': '8602'}",FT,1 - 1,/match/839826/matchfacts/everton-vs-wolverhampton-wanderers,2010-08-21T12:00:00.000Z
"{'name': 'Stoke City', 'shortName': 'Stoke', 'id': '10194'}","{'name': 'Tottenham Hotspur', 'shortName': 'Tottenham', 'id': '8586'}",FT,1 - 2,/match/839832/matchfacts/stoke-city-vs-tottenham-hotspur,2010-08-21T12:00:00.000Z
"{'name': 'West Bromwich Albion', 'shortName': 'West Brom', 'id': '8659'}","{'name': 'Sunderland', 'shortName': 'Sunderland', 'id': '8472'}",FT,1 - 0,/match/839831/matchfacts/west-bromwich-albion-vs-sunderland,2010-08-21T12:00:00.000Z
"{'name': 'West Ham United', 'shortName': 'West Ham', 'id': '8654'}","{'name': 'Bolton Wanderers', 'shortName': 'Bolton', 'id': '8559'}",FT,1 - 3,/match/839825/matchfacts/west-ham-united-vs-bolton-wanderers,2010-08-21T12:00:00.000Z
"{'name': 'Wigan Athletic', 'shortName': 'Wigan', 'id': '8528'}","{'name': 'Chelsea', 'shortName': 'Chelsea', 'id': '8455'}",FT,0 - 6,/match/839833/matchfacts/wigan-athletic-vs-chelsea,2010-08-21T14:15:00.000Z
"{'name': 'Newcastle United', 'shortName': 'Newcastle', 'id': '10261'}","{'name': 'Aston Villa', 'shortName': 'Aston Villa', 'id': '10252'}",FT,6 - 0,/match/839827/matchfacts/newcastle-united-vs-aston-villa,2010-08-22T10:30:00.000Z
"{'name': 'Fulham', 'shortName': 'Fulham', 'id': '9879'}","{'name': 'Manchester United', 'shortName': 'Man United', 'id': '10260'}",FT,2 - 2,/match/839829/matchfacts/fulham-vs-manchester-united,2010-08-22T13:00:00.000Z
"{'name': 'Manchester City', 'shortName': 'Man City', 'id': '8456'}","{'name': 'Liverpool', 'shortName': 'Liverpool', 'id': '8650'}",FT,3 - 0,/match/839828/matchfacts/manchester-city-vs-liverpool,2010-08-23T17:00:00.000Z
"{'name': 'Blackburn Rovers', 'shortName': 'Blackburn', 'id': '8655'}","{'name': 'Arsenal', 'shortName': 'Arsenal', 'id': '9825'}",FT,1 - 2,/match/839840/matchfacts/blackburn-rovers-vs-arsenal,2010-08-28T09:45:00.000Z
"{'name': 'Blackpool', 'shortName': 'Blackpool', 'id': '8483'}","{'name': 'Fulham', 'shortName': 'Fulham', 'id': '9879'}",FT,2 - 2,/match/839842/matchfacts/blackpool-vs-fulham,2010-08-28T12:00:00.000Z
"{'name': 'Chelsea', 'shortName': 'Chelsea', 'id': '8455'}","{'name': 'Stoke City', 'shortName': 'Stoke', 'id': '10194'}",FT,2 - 0,/match/839843/matchfacts/chelsea-vs-stoke-city,2010-08-28T12:00:00.000Z
"{'name': 'Tottenham Hotspur', 'shortName': 'Tottenham', 'id': '8586'}","{'name': 'Wigan Athletic', 'shortName': 'Wigan', 'id': '8528'}",FT,0 - 1,/match/839837/matchfacts/tottenham-hotspur-vs-wigan-athletic,2010-08-28T12:00:00.000Z
"{'name': 'Wolverhampton Wanderers', 'shortName': 'Wolves', 'id': '8602'}","{'name': 'Newcastle United', 'shortName': 'Newcastle', 'id': '10261'}",FT,1 - 1,/match/839839/matchfacts/wolverhampton-wanderers-vs-newcastle-united,2010-08-28T12:00:00.000Z
"{'name': 'Manchester United', 'shortName': 'Man United', 'id': '10260'}","{'name': 'West Ham United', 'shortName': 'West Ham', 'id': '8654'}",FT,3 - 0,/match/839834/matchfacts/manchester-united-vs-west-ham-united,2010-08-28T14:30:00.000Z
"{'name': 'Bolton Wanderers', 'shortName': 'Bolton', 'id': '8559'}","{'name': 'Birmingham City', 'shortName': 'Birmingham', 'id': '8658'}",FT,2 - 2,/match/839841/matchfacts/bolton-wanderers-vs-birmingham-city,2010-08-29T10:30:00.000Z
"{'name': 'Liverpool', 'shortName': 'Liverpool', 'id': '8650'}","{'name': 'West Bromwich Albion', 'shortName': 'West Brom', 'id': '8659'}",FT,1 - 0,/match/839835/matchfacts/liverpool-vs-west-bromwich-albion,2010-08-29T12:00:00.000Z
"{'name': 'Sunderland', 'shortName': 'Sunderland', 'id': '8472'}","{'name': 'Manchester City', 'shortName': 'Man City', 'id': '8456'}",FT,1 - 0,/match/839836/matchfacts/sunderland-vs-manchester-city,2010-08-29T12:00:00.000Z
"{'name': 'Aston Villa', 'shortName': 'Aston Villa', 'id': '10252'}","{'name': 'Everton', 'shortName': 'Everton', 'id': '8668'}",FT,1 - 0,/match/839838/matchfacts/aston-villa-vs-everton,2010-08-29T13:00:00.000Z
"{'name': 'Everton', 'shortName': 'Everton', 'id': '8668'}","{'name': 'Manchester United', 'shortName': 'Man United', 'id': '10260'}",FT,3 - 3,/match/839846/matchfacts/everton-vs-manchester-united,2010-09-11T09:45:00.000Z
"{'name': 'Arsenal', 'shortName': 'Arsenal', 'id': '9825'}","{'name': 'Bolton Wanderers', 'shortName': 'Bolton', 'id': '8559'}",FT,4 - 1,/match/839844/matchfacts/arsenal-vs-bolton-wanderers,2010-09-11T12:00:00.000Z
"{'name': 'Fulham', 'shortName': 'Fulham', 'id': '9879'}","{'name': 'Wolverhampton Wanderers', 'shortName': 'Wolves', 'id': '8602'}",FT,2 - 1,/match/839849/matchfacts/fulham-vs-wolverhampton-wanderers,2010-09-11T12:00:00.000Z
"{'name': 'Manchester City', 'shortName': 'Man City', 'id': '8456'}","{'name': 'Blackburn Rovers', 'shortName': 'Blackburn', 'id': '8655'}",FT,1 - 1,/match/839848/matchfacts/manchester-city-vs-blackburn-rovers,2010-09-11T12:00:00.000Z
"{'name': 'Newcastle United', 'shortName': 'Newcastle', 'id': '10261'}","{'name': 'Blackpool', 'shortName': 'Blackpool', 'id': '8483'}",FT,0 - 2,/match/839847/matchfacts/newcastle-united-vs-blackpool,2010-09-11T12:00:00.000Z
"{'name': 'West Bromwich Albion', 'shortName': 'West Brom', 'id': '8659'}","{'name': 'Tottenham Hotspur', 'shortName': 'Tottenham', 'id': '8586'}",FT,1 - 1,/match/839851/matchfacts/west-bromwich-albion-vs-tottenham-hotspur,2010-09-11T12:00:00.000Z
"{'name': 'West Ham United', 'shortName': 'West Ham', 'id': '8654'}","{'name': 'Chelsea', 'shortName': 'Chelsea', 'id': '8455'}",FT,1 - 3,/match/839845/matchfacts/west-ham-united-vs-chelsea,2010-09-11T12:00:00.000Z
"{'name': 'Wigan Athletic', 'shortName': 'Wigan', 'id': '8528'}","{'name': 'Sunderland', 'shortName': 'Sunderland', 'id': '8472'}",FT,1 - 1,/match/839853/matchfacts/wigan-athletic-vs-sunderland,2010-09-11T12:00:00.000Z
"{'name': 'Birmingham City', 'shortName': 'Birmingham', 'id': '8658'}","{'name': 'Liverpool', 'shortName': 'Liverpool', 'id': '8650'}",FT,0 - 0,/match/839850/matchfacts/birmingham-city-vs-liverpool,2010-09-12T13:00:00.000Z
"{'name': 'Stoke City', 'shortName': 'Stoke', 'id': '10194'}","{'name': 'Aston Villa', 'shortName': 'Aston Villa', 'id': '10252'}",FT,2 - 1,/match/839852/matchfacts/stoke-city-vs-aston-villa,2010-09-13T17:00:00.000Z
"{'name': 'Stoke City', 'shortName': 'Stoke', 'id': '10194'}","{'name': 'West Ham United', 'shortName': 'West Ham', 'id': '8654'}",FT,1 - 1,/match/839861/matchfacts/stoke-city-vs-west-ham-united,2010-09-18T09:45:00.000Z
"{'name': 'Aston Villa', 'shortName': 'Aston Villa', 'id': '10252'}","{'name': 'Bolton Wanderers', 'shortName': 'Bolton', 'id': '8559'}",FT,1 - 1,/match/839857/matchfacts/aston-villa-vs-bolton-wanderers,2010-09-18T12:00:00.000Z
"{'name': 'Blackburn Rovers', 'shortName': 'Blackburn', 'id': '8655'}","{'name': 'Fulham', 'shortName': 'Fulham', 'id': '9879'}",FT,1 - 1,/match/839859/matchfacts/blackburn-rovers-vs-fulham,2010-09-18T12:00:00.000Z
"{'name': 'Everton', 'shortName': 'Everton', 'id': '8668'}","{'name': 'Newcastle United', 'shortName': 'Newcastle', 'id': '10261'}",FT,0 - 1,/match/839858/matchfacts/everton-vs-newcastle-united,2010-09-18T12:00:00.000Z
"{'name': 'Tottenham Hotspur', 'shortName': 'Tottenham', 'id': '8586'}","{'name': 'Wolverhampton Wanderers', 'shortName': 'Wolves', 'id': '8602'}",FT,3 - 1,/match/839856/matchfacts/tottenham-hotspur-vs-wolverhampton-wanderers,2010-09-18T12:00:00.000Z
"{'name': 'West Bromwich Albion', 'shortName': 'West Brom', 'id': '8659'}","{'name': 'Birmingham City', 'shortName': 'Birmingham', 'id': '8658'}",FT,3 - 1,/match/839860/matchfacts/west-bromwich-albion-vs-birmingham-city,2010-09-18T12:00:00.000Z
"{'name': 'Sunderland', 'shortName': 'Sunderland', 'id': '8472'}","{'name': 'Arsenal', 'shortName': 'Arsenal', 'id': '9825'}",FT,1 - 1,/match/839855/matchfacts/sunderland-vs-arsenal,2010-09-18T14:30:00.000Z
"{'name': 'Manchester United', 'shortName': 'Man United', 'id': '10260'}","{'name': 'Liverpool', 'shortName': 'Liverpool', 'id': '8650'}",FT,3 - 2,/match/839854/matchfacts/manchester-united-vs-liverpool,2010-09-19T10:30:00.000Z
"{'name': 'Wigan Athletic', 'shortName': 'Wigan', 'id': '8528'}","{'name': 'Manchester City', 'shortName': 'Man City', 'id': '8456'}",FT,0 - 2,/match/839862/matchfacts/wigan-athletic-vs-manchester-city,2010-09-19T12:00:00.000Z
"{'name': 'Chelsea', 'shortName': 'Chelsea', 'id': '8455'}","{'name': 'Blackpool', 'shortName': 'Blackpool', 'id': '8483'}",FT,4 - 0,/match/839863/matchfacts/chelsea-vs-blackpool,2010-09-19T13:00:00.000Z
"{'name': 'Manchester City', 'shortName': 'Man City', 'id': '8456'}","{'name': 'Chelsea', 'shortName': 'Chelsea', 'id': '8455'}",FT,1 - 0,/match/839868/matchfacts/manchester-city-vs-chelsea,2010-09-25T09:45:00.000Z
"{'name': 'Arsenal', 'shortName': 'Arsenal', 'id': '9825'}","{'name': 'West Bromwich Albion', 'shortName': 'West Brom', 'id': '8659'}",FT,2 - 3,/match/839864/matchfacts/arsenal-vs-west-bromwich-albion,2010-09-25T12:00:00.000Z
"{'name': 'Birmingham City', 'shortName': 'Birmingham', 'id': '8658'}","{'name': 'Wigan Athletic', 'shortName': 'Wigan', 'id': '8528'}",FT,0 - 0,/match/839871/matchfacts/birmingham-city-vs-wigan-athletic,2010-09-25T12:00:00.000Z
"{'name': 'Blackpool', 'shortName': 'Blackpool', 'id': '8483'}","{'name': 'Blackburn Rovers', 'shortName': 'Blackburn', 'id': '8655'}",FT,1 - 2,/match/839873/matchfacts/blackpool-vs-blackburn-rovers,2010-09-25T12:00:00.000Z
"{'name': 'Fulham', 'shortName': 'Fulham', 'id': '9879'}","{'name': 'Everton', 'shortName': 'Everton', 'id': '8668'}",FT,0 - 0,/match/839870/matchfacts/fulham-vs-everton,2010-09-25T12:00:00.000Z
"{'name': 'Liverpool', 'shortName': 'Liverpool', 'id': '8650'}","{'name': 'Sunderland', 'shortName': 'Sunderland', 'id': '8472'}",FT,2 - 2,/match/839865/matchfacts/liverpool-vs-sunderland,2010-09-25T12:00:00.000Z
"{'name': 'West Ham United', 'shortName': 'West Ham', 'id': '8654'}","{'name': 'Tottenham Hotspur', 'shortName': 'Tottenham', 'id': '8586'}",FT,1 - 0,/match/839866/matchfacts/west-ham-united-vs-tottenham-hotspur,2010-09-25T12:00:00.000Z
"{'name': 'Bolton Wanderers', 'shortName': 'Bolton', 'id': '8559'}","{'name': 'Manchester United', 'shortName': 'Man United', 'id': '10260'}",FT,2 - 2,/match/839872/matchfacts/bolton-wanderers-vs-manchester-united,2010-09-26T09:00:00.000Z
"{'name': 'Wolverhampton Wanderers', 'shortName': 'Wolves', 'id': '8602'}","{'name': 'Aston Villa', 'shortName': 'Aston Villa', 'id': '10252'}",FT,1 - 2,/match/839869/matchfacts/wolverhampton-wanderers-vs-aston-villa,2010-09-26T11:05:00.000Z
"{'name': 'Newcastle United', 'shortName': 'Newcastle', 'id': '10261'}","{'name': 'Stoke City', 'shortName': 'Stoke', 'id': '10194'}",FT,1 - 2,/match/839867/matchfacts/newcastle-united-vs-stoke-city,2010-09-26T13:10:00.000Z
"{'name': 'Wigan Athletic', 'shortName': 'Wigan', 'id': '8528'}","{'name': 'Wolverhampton Wanderers', 'shortName': 'Wolves', 'id': '8602'}",FT,2 - 0,/match/839882/matchfacts/wigan-athletic-vs-wolverhampton-wanderers,2010-10-02T09:45:00.000Z
"{'name': 'Birmingham City', 'shortName': 'Birmingham', 'id': '8658'}","{'name': 'Everton', 'shortName': 'Everton', 'id': '8668'}",FT,0 - 2,/match/839879/matchfacts/birmingham-city-vs-everton,2010-10-02T12:00:00.000Z
"{'name': 'Stoke City', 'shortName': 'Stoke', 'id': '10194'}","{'name': 'Blackburn Rovers', 'shortName': 'Blackburn', 'id': '8655'}",FT,1 - 0,/match/839881/matchfacts/stoke-city-vs-blackburn-rovers,2010-10-02T12:00:00.000Z
"{'name': 'Tottenham Hotspur', 'shortName': 'Tottenham', 'id': '8586'}","{'name': 'Aston Villa', 'shortName': 'Aston Villa', 'id': '10252'}",FT,2 - 1,/match/839876/matchfacts/tottenham-hotspur-vs-aston-villa,2010-10-02T12:00:00.000Z
"{'name': 'West Bromwich Albion', 'shortName': 'West Brom', 'id': '8659'}","{'name': 'Bolton Wanderers', 'shortName': 'Bolton', 'id': '8559'}",FT,1 - 1,/match/839880/matchfacts/west-bromwich-albion-vs-bolton-wanderers,2010-10-02T12:00:00.000Z
"{'name': 'West Ham United', 'shortName': 'West Ham', 'id': '8654'}","{'name': 'Fulham', 'shortName': 'Fulham', 'id': '9879'}",FT,1 - 1,/match/839877/matchfacts/west-ham-united-vs-fulham,2010-10-02T12:00:00.000Z
"{'name': 'Sunderland', 'shortName': 'Sunderland', 'id': '8472'}","{'name': 'Manchester United', 'shortName': 'Man United', 'id': '10260'}",FT,0 - 0,/match/839875/matchfacts/sunderland-vs-manchester-united,2010-10-02T12:15:00.000Z
"{'name': 'Manchester City', 'shortName': 'Man City', 'id': '8456'}","{'name': 'Newcastle United', 'shortName': 'Newcastle', 'id': '10261'}",FT,2 - 1,/match/839878/matchfacts/manchester-city-vs-newcastle-united,2010-10-03T10:30:00.000Z
"{'name': 'Liverpool', 'shortName': 'Liverpool', 'id': '8650'}","{'name': 'Blackpool', 'shortName': 'Blackpool', 'id': '8483'}",FT,1 - 2,/match/839874/matchfacts/liverpool-vs-blackpool,2010-10-03T12:00:00.000Z
"{'name': 'Chelsea', 'shortName': 'Chelsea', 'id': '8455'}","{'name': 'Arsenal', 'shortName': 'Arsenal', 'id': '9825'}",FT,2 - 0,/match/839883/matchfacts/chelsea-vs-arsenal,2010-10-03T13:00:00.000Z
"{'name': 'Arsenal', 'shortName': 'Arsenal', 'id': '9825'}","{'name': 'Birmingham City', 'shortName': 'Birmingham', 'id': '8658'}",FT,2 - 1,/match/839885/matchfacts/arsenal-vs-birmingham-city,2010-10-16T12:00:00.000Z
"{'name': 'Bolton Wanderers', 'shortName': 'Bolton', 'id': '8559'}","{'name': 'Stoke City', 'shortName': 'Stoke', 'id': '10194'}",FT,2 - 1,/match/839892/matchfacts/bolton-wanderers-vs-stoke-city,2010-10-16T12:00:00.000Z
"{'name': 'Fulham', 'shortName': 'Fulham', 'id': '9879'}","{'name': 'Tottenham Hotspur', 'shortName': 'Tottenham', 'id': '8586'}",FT,1 - 2,/match/839891/matchfacts/fulham-vs-tottenham-hotspur,2010-10-16T12:00:00.000Z
"{'name': 'Manchester United', 'shortName': 'Man United', 'id': '10260'}","{'name': 'West Bromwich Albion', 'shortName': 'West Brom', 'id': '8659'}",FT,2 - 2,/match/839884/matchfacts/manchester-united-vs-west-bromwich-albion,2010-10-16T12:00:00.000Z
"{'name': 'Newcastle United', 'shortName': 'Newcastle', 'id': '10261'}","{'name': 'Wigan Athletic', 'shortName': 'Wigan', 'id': '8528'}",FT,2 - 2,/match/839888/matchfacts/newcastle-united-vs-wigan-athletic,2010-10-16T12:00:00.000Z
"{'name': 'Wolverhampton Wanderers', 'shortName': 'Wolves', 'id': '8602'}","{'name': 'West Ham United', 'shortName': 'West Ham', 'id': '8654'}",FT,1 - 1,/match/839889/matchfacts/wolverhampton-wanderers-vs-west-ham-united,2010-10-16T12:00:00.000Z
"{'name': 'Aston Villa', 'shortName': 'Aston Villa', 'id': '10252'}","{'name': 'Chelsea', 'shortName': 'Chelsea', 'id': '8455'}",FT,0 - 0,/match/839886/matchfacts/aston-villa-vs-chelsea,2010-10-16T14:30:00.000Z
"{'name': 'Everton', 'shortName': 'Everton', 'id': '8668'}","{'name': 'Liverpool', 'shortName': 'Liverpool', 'id': '8650'}",FT,2 - 0,/match/839887/matchfacts/everton-vs-liverpool,2010-10-17T10:30:00.000Z
"{'name': 'Blackpool', 'shortName': 'Blackpool', 'id': '8483'}","{'name': 'Manchester City', 'shortName': 'Man City', 'id': '8456'}",FT,2 - 3,/match/839893/matchfacts/blackpool-vs-manchester-city,2010-10-17T13:00:00.000Z
"{'name': 'Blackburn Rovers', 'shortName': 'Blackburn', 'id': '8655'}","{'name': 'Sunderland', 'shortName': 'Sunderland', 'id': '8472'}",FT,0 - 0,/match/839890/matchfacts/blackburn-rovers-vs-sunderland,2010-10-18T17:00:00.000Z
"{'name': 'Tottenham Hotspur', 'shortName': 'Tottenham', 'id': '8586'}","{'name': 'Everton', 'shortName': 'Everton', 'id': '8668'}",FT,1 - 1,/match/839896/matchfacts/tottenham-hotspur-vs-everton,2010-10-23T09:45:00.000Z
"{'name': 'Birmingham City', 'shortName': 'Birmingham', 'id': '8658'}","{'name': 'Blackpool', 'shortName': 'Blackpool', 'id': '8483'}",FT,2 - 0,/match/839899/matchfacts/birmingham-city-vs-blackpool,2010-10-23T12:00:00.000Z
"{'name': 'Chelsea', 'shortName': 'Chelsea', 'id': '8455'}","{'name': 'Wolverhampton Wanderers', 'shortName': 'Wolves', 'id': '8602'}",FT,2 - 0,/match/839903/matchfacts/chelsea-vs-wolverhampton-wanderers,2010-10-23T12:00:00.000Z
"{'name': 'Sunderland', 'shortName': 'Sunderland', 'id': '8472'}","{'name': 'Aston Villa', 'shortName': 'Aston Villa', 'id': '10252'}",FT,1 - 0,/match/839895/matchfacts/sunderland-vs-aston-villa,2010-10-23T12:00:00.000Z
"{'name': 'West Bromwich Albion', 'shortName': 'West Brom', 'id': '8659'}","{'name': 'Fulham', 'shortName': 'Fulham', 'id': '9879'}",FT,2 - 1,/match/839900/matchfacts/west-bromwich-albion-vs-fulham,2010-10-23T12:00:00.000Z
"{'name': 'Wigan Athletic', 'shortName': 'Wigan', 'id': '8528'}","{'name': 'Bolton Wanderers', 'shortName': 'Bolton', 'id': '8559'}",FT,1 - 1,/match/839902/matchfacts/wigan-athletic-vs-bolton-wanderers,2010-10-23T12:00:00.000Z
"{'name': 'West Ham United', 'shortName': 'West Ham', 'id': '8654'}","{'name': 'Newcastle United', 'shortName': 'Newcastle', 'id': '10261'}",FT,1 - 2,/match/839897/matchfacts/west-ham-united-vs-newcastle-united,2010-10-23T14:30:00.000Z
"{'name': 'Stoke City', 'shortName': 'Stoke', 'id': '10194'}","{'name': 'Manchester United', 'shortName': 'Man United', 'id': '10260'}",FT,1 - 2,/match/839901/matchfacts/stoke-city-vs-manchester-united,2010-10-24T10:30:00.000Z
"{'name': 'Liverpool', 'shortName': 'Liverpool', 'id': '8650'}","{'name': 'Blackburn Rovers', 'shortName': 'Blackburn', 'id': '8655'}",FT,2 - 1,/match/839894/matchfacts/liverpool-vs-blackburn-rovers,2010-10-24T12:00:00.000Z
"{'name': 'Manchester City', 'shortName': 'Man City', 'id': '8456'}","{'name': 'Arsenal', 'shortName': 'Arsenal', 'id': '9825'}",FT,0 - 3,/match/839898/matchfacts/manchester-city-vs-arsenal,2010-10-24T13:00:00.000Z
"{'name': 'Arsenal', 'shortName': 'Arsenal', 'id': '9825'}","{'name': 'West Ham United', 'shortName': 'West Ham', 'id': '8654'}",FT,1 - 0,/match/839905/matchfacts/arsenal-vs-west-ham-united,2010-10-30T12:00:00.000Z
"{'name': 'Blackburn Rovers', 'shortName': 'Blackburn', 'id': '8655'}","{'name': 'Chelsea', 'shortName': 'Chelsea', 'id': '8455'}",FT,1 - 2,/match/839910/matchfacts/blackburn-rovers-vs-chelsea,2010-10-30T12:00:00.000Z
"{'name': 'Everton', 'shortName': 'Everton', 'id': '8668'}","{'name': 'Stoke City', 'shortName': 'Stoke', 'id': '10194'}",FT,1 - 0,/match/839907/matchfacts/everton-vs-stoke-city,2010-10-30T12:00:00.000Z
"{'name': 'Fulham', 'shortName': 'Fulham', 'id': '9879'}","{'name': 'Wigan Athletic', 'shortName': 'Wigan', 'id': '8528'}",FT,2 - 0,/match/839911/matchfacts/fulham-vs-wigan-athletic,2010-10-30T12:00:00.000Z
"{'name': 'Wolverhampton Wanderers', 'shortName': 'Wolves', 'id': '8602'}","{'name': 'Manchester City', 'shortName': 'Man City', 'id': '8456'}",FT,2 - 1,/match/839909/matchfacts/wolverhampton-wanderers-vs-manchester-city,2010-10-30T12:00:00.000Z
"{'name': 'Manchester United', 'shortName': 'Man United', 'id': '10260'}","{'name': 'Tottenham Hotspur', 'shortName': 'Tottenham', 'id': '8586'}",FT,2 - 0,/match/839904/matchfacts/manchester-united-vs-tottenham-hotspur,2010-10-30T14:30:00.000Z
"{'name': 'Aston Villa', 'shortName': 'Aston Villa', 'id': '10252'}","{'name': 'Birmingham City', 'shortName': 'Birmingham', 'id': '8658'}",FT,0 - 0,/match/839906/matchfacts/aston-villa-vs-birmingham-city,2010-10-31T11:00:00.000Z
"{'name': 'Newcastle United', 'shortName': 'Newcastle', 'id': '10261'}","{'name': 'Sunderland', 'shortName': 'Sunderland', 'id': '8472'}",FT,5 - 1,/match/839908/matchfacts/newcastle-united-vs-sunderland,2010-10-31T12:30:00.000Z
"{'name': 'Bolton Wanderers', 'shortName': 'Bolton', 'id': '8559'}","{'name': 'Liverpool', 'shortName': 'Liverpool', 'id': '8650'}",FT,0 - 1,/match/839912/matchfacts/bolton-wanderers-vs-liverpool,2010-10-31T15:00:00.000Z
"{'name': 'Blackpool', 'shortName': 'Blackpool', 'id': '8483'}","{'name': 'West Bromwich Albion', 'shortName': 'West Brom', 'id': '8659'}",FT,2 - 1,/match/839913/matchfacts/blackpool-vs-west-bromwich-albion,2010-11-01T19:00:00.000Z
"{'name': 'Bolton Wanderers', 'shortName': 'Bolton', 'id': '8559'}","{'name': 'Tottenham Hotspur', 'shortName': 'Tottenham', 'id': '8586'}",FT,4 - 2,/match/839921/matchfacts/bolton-wanderers-vs-tottenham-hotspur,2010-11-06T11:45:00.000Z
"{'name': 'Birmingham City', 'shortName': 'Birmingham', 'id': '8658'}","{'name': 'West Ham United', 'shortName': 'West Ham', 'id': '8654'}",FT,2 - 2,/match/839920/matchfacts/birmingham-city-vs-west-ham-united,2010-11-06T14:00:00.000Z
"{'name': 'Blackburn Rovers', 'shortName': 'Blackburn', 'id': '8655'}","{'name': 'Wigan Athletic', 'shortName': 'Wigan', 'id': '8528'}",FT,2 - 1,/match/839918/matchfacts/blackburn-rovers-vs-wigan-athletic,2010-11-06T14:00:00.000Z
"{'name': 'Blackpool', 'shortName': 'Blackpool', 'id': '8483'}","{'name': 'Everton', 'shortName': 'Everton', 'id': '8668'}",FT,2 - 2,/match/839923/matchfacts/blackpool-vs-everton,2010-11-06T14:00:00.000Z
"{'name': 'Fulham', 'shortName': 'Fulham', 'id': '9879'}","{'name': 'Aston Villa', 'shortName': 'Aston Villa', 'id': '10252'}",FT,1 - 1,/match/839919/matchfacts/fulham-vs-aston-villa,2010-11-06T14:00:00.000Z
"{'name': 'Manchester United', 'shortName': 'Man United', 'id': '10260'}","{'name': 'Wolverhampton Wanderers', 'shortName': 'Wolves', 'id': '8602'}",FT,2 - 1,/match/839914/matchfacts/manchester-united-vs-wolverhampton-wanderers,2010-11-06T14:00:00.000Z
"{'name': 'Sunderland', 'shortName': 'Sunderland', 'id': '8472'}","{'name': 'Stoke City', 'shortName': 'Stoke', 'id': '10194'}",FT,2 - 0,/match/839917/matchfacts/sunderland-vs-stoke-city,2010-11-06T14:00:00.000Z
"{'name': 'Arsenal', 'shortName': 'Arsenal', 'id': '9825'}","{'name': 'Newcastle United', 'shortName': 'Newcastle', 'id': '10261'}",FT,0 - 1,/match/839915/matchfacts/arsenal-vs-newcastle-united,2010-11-07T12:30:00.000Z
"{'name': 'West Bromwich Albion', 'shortName': 'West Brom', 'id': '8659'}","{'name': 'Manchester City', 'shortName': 'Man City', 'id': '8456'}",FT,0 - 2,/match/839922/matchfacts/west-bromwich-albion-vs-manchester-city,2010-11-07T14:00:00.000Z
"{'name': 'Liverpool', 'shortName': 'Liverpool', 'id': '8650'}","{'name': 'Chelsea', 'shortName': 'Chelsea', 'id': '8455'}",FT,2 - 0,/match/839916/matchfacts/liverpool-vs-chelsea,2010-11-07T15:00:00.000Z
"{'name': 'Stoke City', 'shortName': 'Stoke', 'id': '10194'}","{'name': 'Birmingham City', 'shortName': 'Birmingham', 'id': '8658'}",FT,3 - 2,/match/839927/matchfacts/stoke-city-vs-birmingham-city,2010-11-09T18:45:00.000Z
"{'name': 'Tottenham Hotspur', 'shortName': 'Tottenham', 'id': '8586'}","{'name': 'Sunderland', 'shortName': 'Sunderland', 'id': '8472'}",FT,1 - 1,/match/839924/matchfacts/tottenham-hotspur-vs-sunderland,2010-11-09T19:00:00.000Z
"{'name': 'Aston Villa', 'shortName': 'Aston Villa', 'id': '10252'}","{'name': 'Blackpool', 'shortName': 'Blackpool', 'id': '8483'}",FT,3 - 2,/match/839929/matchfacts/aston-villa-vs-blackpool,2010-11-10T18:45:00.000Z
"{'name': 'Chelsea', 'shortName': 'Chelsea', 'id': '8455'}","{'name': 'Fulham', 'shortName': 'Fulham', 'id': '9879'}",FT,1 - 0,/match/839933/matchfacts/chelsea-vs-fulham,2010-11-10T18:45:00.000Z
"{'name': 'Newcastle United', 'shortName': 'Newcastle', 'id': '10261'}","{'name': 'Blackburn Rovers', 'shortName': 'Blackburn', 'id': '8655'}",FT,1 - 2,/match/839931/matchfacts/newcastle-united-vs-blackburn-rovers,2010-11-10T18:45:00.000Z
"{'name': 'West Ham United', 'shortName': 'West Ham', 'id': '8654'}","{'name': 'West Bromwich Albion', 'shortName': 'West Brom', 'id': '8659'}",FT,2 - 2,/match/839925/matchfacts/west-ham-united-vs-west-bromwich-albion,2010-11-10T18:45:00.000Z
"{'name': 'Wigan Athletic', 'shortName': 'Wigan', 'id': '8528'}","{'name': 'Liverpool', 'shortName': 'Liverpool', 'id': '8650'}",FT,1 - 1,/match/839928/matchfacts/wigan-athletic-vs-liverpool,2010-11-10T18:45:00.000Z
"{'name': 'Wolverhampton Wanderers', 'shortName': 'Wolves', 'id': '8602'}","{'name': 'Arsenal', 'shortName': 'Arsenal', 'id': '9825'}",FT,0 - 2,/match/839926/matchfacts/wolverhampton-wanderers-vs-arsenal,2010-11-10T18:45:00.000Z
"{'name': 'Everton', 'shortName': 'Everton', 'id': '8668'}","{'name': 'Bolton Wanderers', 'shortName': 'Bolton', 'id': '8559'}",FT,1 - 1,/match/839930/matchfacts/everton-vs-bolton-wanderers,2010-11-10T19:00:00.000Z
"{'name': 'Manchester City', 'shortName': 'Man City', 'id': '8456'}","{'name': 'Manchester United', 'shortName': 'Man United', 'id': '10260'}",FT,0 - 0,/match/839932/matchfacts/manchester-city-vs-manchester-united,2010-11-10T19:00:00.000Z
"{'name': 'Aston Villa', 'shortName': 'Aston Villa', 'id': '10252'}","{'name': 'Manchester United', 'shortName': 'Man United', 'id': '10260'}",FT,2 - 2,/match/839936/matchfacts/aston-villa-vs-manchester-united,2010-11-13T11:45:00.000Z
"{'name': 'Manchester City', 'shortName': 'Man City', 'id': '8456'}","{'name': 'Birmingham City', 'shortName': 'Birmingham', 'id': '8658'}",FT,0 - 0,/match/839939/matchfacts/manchester-city-vs-birmingham-city,2010-11-13T14:00:00.000Z
"{'name': 'Newcastle United', 'shortName': 'Newcastle', 'id': '10261'}","{'name': 'Fulham', 'shortName': 'Fulham', 'id': '9879'}",FT,0 - 0,/match/839938/matchfacts/newcastle-united-vs-fulham,2010-11-13T14:00:00.000Z
"{'name': 'Tottenham Hotspur', 'shortName': 'Tottenham', 'id': '8586'}","{'name': 'Blackburn Rovers', 'shortName': 'Blackburn', 'id': '8655'}",FT,4 - 2,/match/839934/matchfacts/tottenham-hotspur-vs-blackburn-rovers,2010-11-13T14:00:00.000Z
"{'name': 'West Ham United', 'shortName': 'West Ham', 'id': '8654'}","{'name': 'Blackpool', 'shortName': 'Blackpool', 'id': '8483'}",FT,0 - 0,/match/839935/matchfacts/west-ham-united-vs-blackpool,2010-11-13T14:00:00.000Z
"{'name': 'Wigan Athletic', 'shortName': 'Wigan', 'id': '8528'}","{'name': 'West Bromwich Albion', 'shortName': 'West Brom', 'id': '8659'}",FT,1 - 0,/match/839942/matchfacts/wigan-athletic-vs-west-bromwich-albion,2010-11-13T14:00:00.000Z
"{'name': 'Wolverhampton Wanderers', 'shortName': 'Wolves', 'id': '8602'}","{'name': 'Bolton Wanderers', 'shortName': 'Bolton', 'id': '8559'}",FT,2 - 3,/match/839940/matchfacts/wolverhampton-wanderers-vs-bolton-wanderers,2010-11-13T14:00:00.000Z
"{'name': 'Stoke City', 'shortName': 'Stoke', 'id': '10194'}","{'name': 'Liverpool', 'shortName': 'Liverpool', 'id': '8650'}",FT,2 - 0,/match/839941/matchfacts/stoke-city-vs-liverpool,2010-11-13T16:30:00.000Z
"{'name': 'Everton', 'shortName': 'Everton', 'id': '8668'}","{'name': 'Arsenal', 'shortName': 'Arsenal', 'id': '9825'}",FT,1 - 2,/match/839937/matchfacts/everton-vs-arsenal,2010-11-14T13:00:00.000Z
"{'name': 'Chelsea', 'shortName': 'Chelsea', 'id': '8455'}","{'name': 'Sunderland', 'shortName': 'Sunderland', 'id': '8472'}",FT,0 - 3,/match/839943/matchfacts/chelsea-vs-sunderland,2010-11-14T15:10:00.000Z
"{'name': 'Arsenal', 'shortName': 'Arsenal', 'id': '9825'}","{'name': 'Tottenham Hotspur', 'shortName': 'Tottenham', 'id': '8586'}",FT,2 - 3,/match/839945/matchfacts/arsenal-vs-tottenham-hotspur,2010-11-20T11:45:00.000Z
"{'name': 'Birmingham City', 'shortName': 'Birmingham', 'id': '8658'}","{'name': 'Chelsea', 'shortName': 'Chelsea', 'id': '8455'}",FT,1 - 0,/match/839950/matchfacts/birmingham-city-vs-chelsea,2010-11-20T14:00:00.000Z
"{'name': 'Blackpool', 'shortName': 'Blackpool', 'id': '8483'}","{'name': 'Wolverhampton Wanderers', 'shortName': 'Wolves', 'id': '8602'}",FT,2 - 1,/match/839953/matchfacts/blackpool-vs-wolverhampton-wanderers,2010-11-20T14:00:00.000Z
"{'name': 'Bolton Wanderers', 'shortName': 'Bolton', 'id': '8559'}","{'name': 'Newcastle United', 'shortName': 'Newcastle', 'id': '10261'}",FT,5 - 1,/match/839951/matchfacts/bolton-wanderers-vs-newcastle-united,2010-11-20T14:00:00.000Z
"{'name': 'Manchester United', 'shortName': 'Man United', 'id': '10260'}","{'name': 'Wigan Athletic', 'shortName': 'Wigan', 'id': '8528'}",FT,2 - 0,/match/839944/matchfacts/manchester-united-vs-wigan-athletic,2010-11-20T14:00:00.000Z
"{'name': 'West Bromwich Albion', 'shortName': 'West Brom', 'id': '8659'}","{'name': 'Stoke City', 'shortName': 'Stoke', 'id': '10194'}",FT,0 - 3,/match/839952/matchfacts/west-bromwich-albion-vs-stoke-city,2010-11-20T14:00:00.000Z
"{'name': 'Liverpool', 'shortName': 'Liverpool', 'id': '8650'}","{'name': 'West Ham United', 'shortName': 'West Ham', 'id': '8654'}",FT,3 - 0,/match/839946/matchfacts/liverpool-vs-west-ham-united,2010-11-20T16:30:00.000Z
"{'name': 'Blackburn Rovers', 'shortName': 'Blackburn', 'id': '8655'}","{'name': 'Aston Villa', 'shortName': 'Aston Villa', 'id': '10252'}",FT,2 - 0,/match/839948/matchfacts/blackburn-rovers-vs-aston-villa,2010-11-21T12:30:00.000Z
"{'name': 'Fulham', 'shortName': 'Fulham', 'id': '9879'}","{'name': 'Manchester City', 'shortName': 'Man City', 'id': '8456'}",FT,1 - 4,/match/839949/matchfacts/fulham-vs-manchester-city,2010-11-21T15:00:00.000Z
"{'name': 'Sunderland', 'shortName': 'Sunderland', 'id': '8472'}","{'name': 'Everton', 'shortName': 'Everton', 'id': '8668'}",FT,2 - 2,/match/839947/matchfacts/sunderland-vs-everton,2010-11-22T19:00:00.000Z
"{'name': 'Aston Villa', 'shortName': 'Aston Villa', 'id': '10252'}","{'name': 'Arsenal', 'shortName': 'Arsenal', 'id': '9825'}",FT,2 - 4,/match/839957/matchfacts/aston-villa-vs-arsenal,2010-11-27T11:45:00.000Z
"{'name': 'Bolton Wanderers', 'shortName': 'Bolton', 'id': '8559'}","{'name': 'Blackpool', 'shortName': 'Blackpool', 'id': '8483'}",FT,2 - 2,/match/839962/matchfacts/bolton-wanderers-vs-blackpool,2010-11-27T14:00:00.000Z
"{'name': 'Everton', 'shortName': 'Everton', 'id': '8668'}","{'name': 'West Bromwich Albion', 'shortName': 'West Brom', 'id': '8659'}",FT,1 - 4,/match/839958/matchfacts/everton-vs-west-bromwich-albion,2010-11-27T14:00:00.000Z
"{'name': 'Fulham', 'shortName': 'Fulham', 'id': '9879'}","{'name': 'Birmingham City', 'shortName': 'Birmingham', 'id': '8658'}",FT,1 - 1,/match/839961/matchfacts/fulham-vs-birmingham-city,2010-11-27T14:00:00.000Z
"{'name': 'Manchester United', 'shortName': 'Man United', 'id': '10260'}","{'name': 'Blackburn Rovers', 'shortName': 'Blackburn', 'id': '8655'}",FT,7 - 1,/match/839954/matchfacts/manchester-united-vs-blackburn-rovers,2010-11-27T14:00:00.000Z
"{'name': 'Stoke City', 'shortName': 'Stoke', 'id': '10194'}","{'name': 'Manchester City', 'shortName': 'Man City', 'id': '8456'}",FT,1 - 1,/match/839963/matchfacts/stoke-city-vs-manchester-city,2010-11-27T14:00:00.000Z
"{'name': 'West Ham United', 'shortName': 'West Ham', 'id': '8654'}","{'name': 'Wigan Athletic', 'shortName': 'Wigan', 'id': '8528'}",FT,3 - 1,/match/839956/matchfacts/west-ham-united-vs-wigan-athletic,2010-11-27T14:00:00.000Z
"{'name': 'Wolverhampton Wanderers', 'shortName': 'Wolves', 'id': '8602'}","{'name': 'Sunderland', 'shortName': 'Sunderland', 'id': '8472'}",FT,3 - 2,/match/839960/matchfacts/wolverhampton-wanderers-vs-sunderland,2010-11-27T14:00:00.000Z
"{'name': 'Newcastle United', 'shortName': 'Newcastle', 'id': '10261'}","{'name': 'Chelsea', 'shortName': 'Chelsea', 'id': '8455'}",FT,1 - 1,/match/839959/matchfacts/newcastle-united-vs-chelsea,2010-11-28T12:30:00.000Z
"{'name': 'Tottenham Hotspur', 'shortName': 'Tottenham', 'id': '8586'}","{'name': 'Liverpool', 'shortName': 'Liverpool', 'id': '8650'}",FT,2 - 1,/match/839955/matchfacts/tottenham-hotspur-vs-liverpool,2010-11-28T15:00:00.000Z
"{'name': 'Arsenal', 'shortName': 'Arsenal', 'id': '9825'}","{'name': 'Fulham', 'shortName': 'Fulham', 'id': '9879'}",FT,2 - 1,/match/839964/matchfacts/arsenal-vs-fulham,2010-12-04T14:00:00.000Z
"{'name': 'Birmingham City', 'shortName': 'Birmingham', 'id': '8658'}","{'name': 'Tottenham Hotspur', 'shortName': 'Tottenham', 'id': '8586'}",FT,1 - 1,/match/839969/matchfacts/birmingham-city-vs-tottenham-hotspur,2010-12-04T14:00:00.000Z
"{'name': 'Blackburn Rovers', 'shortName': 'Blackburn', 'id': '8655'}","{'name': 'Wolverhampton Wanderers', 'shortName': 'Wolves', 'id': '8602'}",FT,3 - 0,/match/839968/matchfacts/blackburn-rovers-vs-wolverhampton-wanderers,2010-12-04T14:00:00.000Z
"{'name': 'Chelsea', 'shortName': 'Chelsea', 'id': '8455'}","{'name': 'Everton', 'shortName': 'Everton', 'id': '8668'}",FT,1 - 1,/match/839973/matchfacts/chelsea-vs-everton,2010-12-04T14:00:00.000Z
"{'name': 'Manchester City', 'shortName': 'Man City', 'id': '8456'}","{'name': 'Bolton Wanderers', 'shortName': 'Bolton', 'id': '8559'}",FT,1 - 0,/match/839967/matchfacts/manchester-city-vs-bolton-wanderers,2010-12-04T14:00:00.000Z
"{'name': 'Wigan Athletic', 'shortName': 'Wigan', 'id': '8528'}","{'name': 'Stoke City', 'shortName': 'Stoke', 'id': '10194'}",FT,2 - 2,/match/839972/matchfacts/wigan-athletic-vs-stoke-city,2010-12-04T14:00:00.000Z
"{'name': 'West Bromwich Albion', 'shortName': 'West Brom', 'id': '8659'}","{'name': 'Newcastle United', 'shortName': 'Newcastle', 'id': '10261'}",FT,3 - 1,/match/839970/matchfacts/west-bromwich-albion-vs-newcastle-united,2010-12-05T12:30:00.000Z
"{'name': 'Sunderland', 'shortName': 'Sunderland', 'id': '8472'}","{'name': 'West Ham United', 'shortName': 'West Ham', 'id': '8654'}",FT,1 - 0,/match/839966/matchfacts/sunderland-vs-west-ham-united,2010-12-05T15:00:00.000Z
"{'name': 'Liverpool', 'shortName': 'Liverpool', 'id': '8650'}","{'name': 'Aston Villa', 'shortName': 'Aston Villa', 'id': '10252'}",FT,3 - 0,/match/839965/matchfacts/liverpool-vs-aston-villa,2010-12-06T19:00:00.000Z
"{'name': 'Aston Villa', 'shortName': 'Aston Villa', 'id': '10252'}","{'name': 'West Bromwich Albion', 'shortName': 'West Brom', 'id': '8659'}",FT,2 - 1,/match/839977/matchfacts/aston-villa-vs-west-bromwich-albion,2010-12-11T14:00:00.000Z
"{'name': 'Everton', 'shortName': 'Everton', 'id': '8668'}","{'name': 'Wigan Athletic', 'shortName': 'Wigan', 'id': '8528'}",FT,0 - 0,/match/839978/matchfacts/everton-vs-wigan-athletic,2010-12-11T14:00:00.000Z
"{'name': 'Fulham', 'shortName': 'Fulham', 'id': '9879'}","{'name': 'Sunderland', 'shortName': 'Sunderland', 'id': '8472'}",FT,0 - 0,/match/839981/matchfacts/fulham-vs-sunderland,2010-12-11T14:00:00.000Z
"{'name': 'Stoke City', 'shortName': 'Stoke', 'id': '10194'}","{'name': 'Blackpool', 'shortName': 'Blackpool', 'id': '8483'}",FT,0 - 1,/match/839983/matchfacts/stoke-city-vs-blackpool,2010-12-11T14:00:00.000Z
"{'name': 'West Ham United', 'shortName': 'West Ham', 'id': '8654'}","{'name': 'Manchester City', 'shortName': 'Man City', 'id': '8456'}",FT,1 - 3,/match/839976/matchfacts/west-ham-united-vs-manchester-city,2010-12-11T14:00:00.000Z
"{'name': 'Newcastle United', 'shortName': 'Newcastle', 'id': '10261'}","{'name': 'Liverpool', 'shortName': 'Liverpool', 'id': '8650'}",FT,3 - 1,/match/839979/matchfacts/newcastle-united-vs-liverpool,2010-12-11T16:30:00.000Z
"{'name': 'Bolton Wanderers', 'shortName': 'Bolton', 'id': '8559'}","{'name': 'Blackburn Rovers', 'shortName': 'Blackburn', 'id': '8655'}",FT,2 - 1,/match/839982/matchfacts/bolton-wanderers-vs-blackburn-rovers,2010-12-12T12:30:00.000Z
"{'name': 'Wolverhampton Wanderers', 'shortName': 'Wolves', 'id': '8602'}","{'name': 'Birmingham City', 'shortName': 'Birmingham', 'id': '8658'}",FT,1 - 0,/match/839980/matchfacts/wolverhampton-wanderers-vs-birmingham-city,2010-12-12T12:30:00.000Z
"{'name': 'Tottenham Hotspur', 'shortName': 'Tottenham', 'id': '8586'}","{'name': 'Chelsea', 'shortName': 'Chelsea', 'id': '8455'}",FT,1 - 1,/match/839975/matchfacts/tottenham-hotspur-vs-chelsea,2010-12-12T15:00:00.000Z
"{'name': 'Manchester United', 'shortName': 'Man United', 'id': '10260'}","{'name': 'Arsenal', 'shortName': 'Arsenal', 'id': '9825'}",FT,1 - 0,/match/839974/matchfacts/manchester-united-vs-arsenal,2010-12-13T19:00:00.000Z
"{'name': 'Sunderland', 'shortName': 'Sunderland', 'id': '8472'}","{'name': 'Bolton Wanderers', 'shortName': 'Bolton', 'id': '8559'}",FT,1 - 0,/match/839986/matchfacts/sunderland-vs-bolton-wanderers,2010-12-18T11:45:00.000Z
"{'name': 'Blackburn Rovers', 'shortName': 'Blackburn', 'id': '8655'}","{'name': 'West Ham United', 'shortName': 'West Ham', 'id': '8654'}",FT,1 - 1,/match/839988/matchfacts/blackburn-rovers-vs-west-ham-united,2010-12-18T14:00:00.000Z
"{'name': 'Manchester City', 'shortName': 'Man City', 'id': '8456'}","{'name': 'Everton', 'shortName': 'Everton', 'id': '8668'}",FT,1 - 2,/match/839987/matchfacts/manchester-city-vs-everton,2010-12-20T19:00:00.000Z
"{'name': 'Fulham', 'shortName': 'Fulham', 'id': '9879'}","{'name': 'West Ham United', 'shortName': 'West Ham', 'id': '8654'}",FT,1 - 3,/match/840001/matchfacts/fulham-vs-west-ham-united,2010-12-26T11:00:00.000Z
"{'name': 'Blackburn Rovers', 'shortName': 'Blackburn', 'id': '8655'}","{'name': 'Stoke City', 'shortName': 'Stoke', 'id': '10194'}",FT,0 - 2,/match/840000/matchfacts/blackburn-rovers-vs-stoke-city,2010-12-26T14:00:00.000Z
"{'name': 'Bolton Wanderers', 'shortName': 'Bolton', 'id': '8559'}","{'name': 'West Bromwich Albion', 'shortName': 'West Brom', 'id': '8659'}",FT,2 - 0,/match/840002/matchfacts/bolton-wanderers-vs-west-bromwich-albion,2010-12-26T14:00:00.000Z
"{'name': 'Manchester United', 'shortName': 'Man United', 'id': '10260'}","{'name': 'Sunderland', 'shortName': 'Sunderland', 'id': '8472'}",FT,2 - 0,/match/839994/matchfacts/manchester-united-vs-sunderland,2010-12-26T14:00:00.000Z
"{'name': 'Newcastle United', 'shortName': 'Newcastle', 'id': '10261'}","{'name': 'Manchester City', 'shortName': 'Man City', 'id': '8456'}",FT,1 - 3,/match/839998/matchfacts/newcastle-united-vs-manchester-city,2010-12-26T14:00:00.000Z
"{'name': 'Wolverhampton Wanderers', 'shortName': 'Wolves', 'id': '8602'}","{'name': 'Wigan Athletic', 'shortName': 'Wigan', 'id': '8528'}",FT,1 - 2,/match/839999/matchfacts/wolverhampton-wanderers-vs-wigan-athletic,2010-12-26T14:00:00.000Z
"{'name': 'Aston Villa', 'shortName': 'Aston Villa', 'id': '10252'}","{'name': 'Tottenham Hotspur', 'shortName': 'Tottenham', 'id': '8586'}",FT,1 - 2,/match/839996/matchfacts/aston-villa-vs-tottenham-hotspur,2010-12-26T16:30:00.000Z
"{'name': 'Arsenal', 'shortName': 'Arsenal', 'id': '9825'}","{'name': 'Chelsea', 'shortName': 'Chelsea', 'id': '8455'}",FT,3 - 1,/match/839995/matchfacts/arsenal-vs-chelsea,2010-12-27T19:00:00.000Z
"{'name': 'Manchester City', 'shortName': 'Man City', 'id': '8456'}","{'name': 'Aston Villa', 'shortName': 'Aston Villa', 'id': '10252'}",FT,4 - 0,/match/840008/matchfacts/manchester-city-vs-aston-villa,2010-12-28T14:00:00.000Z
"{'name': 'Stoke City', 'shortName': 'Stoke', 'id': '10194'}","{'name': 'Fulham', 'shortName': 'Fulham', 'id': '9879'}",FT,0 - 2,/match/840011/matchfacts/stoke-city-vs-fulham,2010-12-28T14:00:00.000Z
"{'name': 'Sunderland', 'shortName': 'Sunderland', 'id': '8472'}","{'name': 'Blackpool', 'shortName': 'Blackpool', 'id': '8483'}",FT,0 - 2,/match/840005/matchfacts/sunderland-vs-blackpool,2010-12-28T14:00:00.000Z
"{'name': 'Tottenham Hotspur', 'shortName': 'Tottenham', 'id': '8586'}","{'name': 'Newcastle United', 'shortName': 'Newcastle', 'id': '10261'}",FT,2 - 0,/match/840006/matchfacts/tottenham-hotspur-vs-newcastle-united,2010-12-28T14:00:00.000Z
"{'name': 'West Bromwich Albion', 'shortName': 'West Brom', 'id': '8659'}","{'name': 'Blackburn Rovers', 'shortName': 'Blackburn', 'id': '8655'}",FT,1 - 3,/match/840010/matchfacts/west-bromwich-albion-vs-blackburn-rovers,2010-12-28T14:00:00.000Z
"{'name': 'West Ham United', 'shortName': 'West Ham', 'id': '8654'}","{'name': 'Everton', 'shortName': 'Everton', 'id': '8668'}",FT,1 - 1,/match/840007/matchfacts/west-ham-united-vs-everton,2010-12-28T16:30:00.000Z
"{'name': 'Birmingham City', 'shortName': 'Birmingham', 'id': '8658'}","{'name': 'Manchester United', 'shortName': 'Man United', 'id': '10260'}",FT,1 - 1,/match/840009/matchfacts/birmingham-city-vs-manchester-united,2010-12-28T19:00:00.000Z
"{'name': 'Chelsea', 'shortName': 'Chelsea', 'id': '8455'}","{'name': 'Bolton Wanderers', 'shortName': 'Bolton', 'id': '8559'}",FT,1 - 0,/match/840013/matchfacts/chelsea-vs-bolton-wanderers,2010-12-29T18:45:00.000Z
"{'name': 'Wigan Athletic', 'shortName': 'Wigan', 'id': '8528'}","{'name': 'Arsenal', 'shortName': 'Arsenal', 'id': '9825'}",FT,2 - 2,/match/840012/matchfacts/wigan-athletic-vs-arsenal,2010-12-29T18:45:00.000Z
"{'name': 'Liverpool', 'shortName': 'Liverpool', 'id': '8650'}","{'name': 'Wolverhampton Wanderers', 'shortName': 'Wolves', 'id': '8602'}",FT,0 - 1,/match/840004/matchfacts/liverpool-vs-wolverhampton-wanderers,2010-12-29T19:00:00.000Z
"{'name': 'West Bromwich Albion', 'shortName': 'West Brom', 'id': '8659'}","{'name': 'Manchester United', 'shortName': 'Man United', 'id': '10260'}",FT,1 - 2,/match/840061/matchfacts/west-bromwich-albion-vs-manchester-united,2011-01-01T11:45:00.000Z
"{'name': 'Liverpool', 'shortName': 'Liverpool', 'id': '8650'}","{'name': 'Bolton Wanderers', 'shortName': 'Bolton', 'id': '8559'}",FT,2 - 1,/match/840055/matchfacts/liverpool-vs-bolton-wanderers,2011-01-01T14:00:00.000Z
"{'name': 'Manchester City', 'shortName': 'Man City', 'id': '8456'}","{'name': 'Blackpool', 'shortName': 'Blackpool', 'id': '8483'}",FT,1 - 0,/match/840059/matchfacts/manchester-city-vs-blackpool,2011-01-01T14:00:00.000Z
"{'name': 'Stoke City', 'shortName': 'Stoke', 'id': '10194'}","{'name': 'Everton', 'shortName': 'Everton', 'id': '8668'}",FT,2 - 0,/match/840062/matchfacts/stoke-city-vs-everton,2011-01-01T14:00:00.000Z
"{'name': 'Sunderland', 'shortName': 'Sunderland', 'id': '8472'}","{'name': 'Blackburn Rovers', 'shortName': 'Blackburn', 'id': '8655'}",FT,3 - 0,/match/840056/matchfacts/sunderland-vs-blackburn-rovers,2011-01-01T14:00:00.000Z
"{'name': 'Tottenham Hotspur', 'shortName': 'Tottenham', 'id': '8586'}","{'name': 'Fulham', 'shortName': 'Fulham', 'id': '9879'}",FT,1 - 0,/match/840057/matchfacts/tottenham-hotspur-vs-fulham,2011-01-01T14:00:00.000Z
"{'name': 'West Ham United', 'shortName': 'West Ham', 'id': '8654'}","{'name': 'Wolverhampton Wanderers', 'shortName': 'Wolves', 'id': '8602'}",FT,2 - 0,/match/840058/matchfacts/west-ham-united-vs-wolverhampton-wanderers,2011-01-01T14:00:00.000Z
"{'name': 'Birmingham City', 'shortName': 'Birmingham', 'id': '8658'}","{'name': 'Arsenal', 'shortName': 'Arsenal', 'id': '9825'}",FT,0 - 3,/match/840060/matchfacts/birmingham-city-vs-arsenal,2011-01-01T16:30:00.000Z
"{'name': 'Chelsea', 'shortName': 'Chelsea', 'id': '8455'}","{'name': 'Aston Villa', 'shortName': 'Aston Villa', 'id': '10252'}",FT,3 - 3,/match/840064/matchfacts/chelsea-vs-aston-villa,2011-01-02T12:30:00.000Z
"{'name': 'Wigan Athletic', 'shortName': 'Wigan', 'id': '8528'}","{'name': 'Newcastle United', 'shortName': 'Newcastle', 'id': '10261'}",FT,0 - 1,/match/840063/matchfacts/wigan-athletic-vs-newcastle-united,2011-01-02T15:00:00.000Z
"{'name': 'Blackpool', 'shortName': 'Blackpool', 'id': '8483'}","{'name': 'Birmingham City', 'shortName': 'Birmingham', 'id': '8658'}",FT,1 - 2,/match/840069/matchfacts/blackpool-vs-birmingham-city,2011-01-04T19:00:00.000Z
"{'name': 'Fulham', 'shortName': 'Fulham', 'id': '9879'}","{'name': 'West Bromwich Albion', 'shortName': 'West Brom', 'id': '8659'}",FT,3 - 0,/match/840074/matchfacts/fulham-vs-west-bromwich-albion,2011-01-04T19:00:00.000Z
"{'name': 'Manchester United', 'shortName': 'Man United', 'id': '10260'}","{'name': 'Stoke City', 'shortName': 'Stoke', 'id': '10194'}",FT,2 - 1,/match/840065/matchfacts/manchester-united-vs-stoke-city,2011-01-04T19:00:00.000Z
"{'name': 'Arsenal', 'shortName': 'Arsenal', 'id': '9825'}","{'name': 'Manchester City', 'shortName': 'Man City', 'id': '8456'}",FT,0 - 0,/match/840066/matchfacts/arsenal-vs-manchester-city,2011-01-05T18:45:00.000Z
"{'name': 'Aston Villa', 'shortName': 'Aston Villa', 'id': '10252'}","{'name': 'Sunderland', 'shortName': 'Sunderland', 'id': '8472'}",FT,0 - 1,/match/840070/matchfacts/aston-villa-vs-sunderland,2011-01-05T18:45:00.000Z
"{'name': 'Newcastle United', 'shortName': 'Newcastle', 'id': '10261'}","{'name': 'West Ham United', 'shortName': 'West Ham', 'id': '8654'}",FT,5 - 0,/match/840072/matchfacts/newcastle-united-vs-west-ham-united,2011-01-05T18:45:00.000Z
"{'name': 'Wolverhampton Wanderers', 'shortName': 'Wolves', 'id': '8602'}","{'name': 'Chelsea', 'shortName': 'Chelsea', 'id': '8455'}",FT,1 - 0,/match/840067/matchfacts/wolverhampton-wanderers-vs-chelsea,2011-01-05T18:45:00.000Z
"{'name': 'Blackburn Rovers', 'shortName': 'Blackburn', 'id': '8655'}","{'name': 'Liverpool', 'shortName': 'Liverpool', 'id': '8650'}",FT,3 - 1,/match/840073/matchfacts/blackburn-rovers-vs-liverpool,2011-01-05T19:00:00.000Z
"{'name': 'Bolton Wanderers', 'shortName': 'Bolton', 'id': '8559'}","{'name': 'Wigan Athletic', 'shortName': 'Wigan', 'id': '8528'}",FT,1 - 1,/match/840068/matchfacts/bolton-wanderers-vs-wigan-athletic,2011-01-05T19:00:00.000Z
"{'name': 'Everton', 'shortName': 'Everton', 'id': '8668'}","{'name': 'Tottenham Hotspur', 'shortName': 'Tottenham', 'id': '8586'}",FT,2 - 1,/match/840071/matchfacts/everton-vs-tottenham-hotspur,2011-01-05T19:00:00.000Z
"{'name': 'Blackpool', 'shortName': 'Blackpool', 'id': '8483'}","{'name': 'Liverpool', 'shortName': 'Liverpool', 'id': '8650'}",FT,2 - 1,/match/840003/matchfacts/blackpool-vs-liverpool,2011-01-12T19:00:00.000Z
"{'name': 'Chelsea', 'shortName': 'Chelsea', 'id': '8455'}","{'name': 'Blackburn Rovers', 'shortName': 'Blackburn', 'id': '8655'}",FT,2 - 0,/match/840084/matchfacts/chelsea-vs-blackburn-rovers,2011-01-15T14:00:00.000Z
"{'name': 'Manchester City', 'shortName': 'Man City', 'id': '8456'}","{'name': 'Wolverhampton Wanderers', 'shortName': 'Wolves', 'id': '8602'}",FT,4 - 3,/match/840079/matchfacts/manchester-city-vs-wolverhampton-wanderers,2011-01-15T14:00:00.000Z
"{'name': 'Stoke City', 'shortName': 'Stoke', 'id': '10194'}","{'name': 'Bolton Wanderers', 'shortName': 'Bolton', 'id': '8559'}",FT,2 - 0,/match/840082/matchfacts/stoke-city-vs-bolton-wanderers,2011-01-15T14:00:00.000Z
"{'name': 'West Bromwich Albion', 'shortName': 'West Brom', 'id': '8659'}","{'name': 'Blackpool', 'shortName': 'Blackpool', 'id': '8483'}",FT,3 - 2,/match/840081/matchfacts/west-bromwich-albion-vs-blackpool,2011-01-15T14:00:00.000Z
"{'name': 'Wigan Athletic', 'shortName': 'Wigan', 'id': '8528'}","{'name': 'Fulham', 'shortName': 'Fulham', 'id': '9879'}",FT,1 - 1,/match/840083/matchfacts/wigan-athletic-vs-fulham,2011-01-15T14:00:00.000Z
"{'name': 'West Ham United', 'shortName': 'West Ham', 'id': '8654'}","{'name': 'Arsenal', 'shortName': 'Arsenal', 'id': '9825'}",FT,0 - 3,/match/840078/matchfacts/west-ham-united-vs-arsenal,2011-01-15T16:30:00.000Z
"{'name': 'Birmingham City', 'shortName': 'Birmingham', 'id': '8658'}","{'name': 'Aston Villa', 'shortName': 'Aston Villa', 'id': '10252'}",FT,1 - 1,/match/840080/matchfacts/birmingham-city-vs-aston-villa,2011-01-16T11:00:00.000Z
"{'name': 'Sunderland', 'shortName': 'Sunderland', 'id': '8472'}","{'name': 'Newcastle United', 'shortName': 'Newcastle', 'id': '10261'}",FT,1 - 1,/match/840076/matchfacts/sunderland-vs-newcastle-united,2011-01-16T11:00:00.000Z
"{'name': 'Liverpool', 'shortName': 'Liverpool', 'id': '8650'}","{'name': 'Everton', 'shortName': 'Everton', 'id': '8668'}",FT,2 - 2,/match/840075/matchfacts/liverpool-vs-everton,2011-01-16T13:05:00.000Z
"{'name': 'Tottenham Hotspur', 'shortName': 'Tottenham', 'id': '8586'}","{'name': 'Manchester United', 'shortName': 'Man United', 'id': '10260'}",FT,0 - 0,/match/840077/matchfacts/tottenham-hotspur-vs-manchester-united,2011-01-16T15:10:00.000Z
"{'name': 'Wolverhampton Wanderers', 'shortName': 'Wolves', 'id': '8602'}","{'name': 'Liverpool', 'shortName': 'Liverpool', 'id': '8650'}",FT,0 - 3,/match/840090/matchfacts/wolverhampton-wanderers-vs-liverpool,2011-01-22T11:45:00.000Z
"{'name': 'Arsenal', 'shortName': 'Arsenal', 'id': '9825'}","{'name': 'Wigan Athletic', 'shortName': 'Wigan', 'id': '8528'}",FT,3 - 0,/match/840086/matchfacts/arsenal-vs-wigan-athletic,2011-01-22T14:00:00.000Z
"{'name': 'Blackpool', 'shortName': 'Blackpool', 'id': '8483'}","{'name': 'Sunderland', 'shortName': 'Sunderland', 'id': '8472'}",FT,1 - 2,/match/840094/matchfacts/blackpool-vs-sunderland,2011-01-22T14:00:00.000Z
"{'name': 'Everton', 'shortName': 'Everton', 'id': '8668'}","{'name': 'West Ham United', 'shortName': 'West Ham', 'id': '8654'}",FT,2 - 2,/match/840088/matchfacts/everton-vs-west-ham-united,2011-01-22T14:00:00.000Z
"{'name': 'Fulham', 'shortName': 'Fulham', 'id': '9879'}","{'name': 'Stoke City', 'shortName': 'Stoke', 'id': '10194'}",FT,2 - 0,/match/840092/matchfacts/fulham-vs-stoke-city,2011-01-22T14:00:00.000Z
"{'name': 'Manchester United', 'shortName': 'Man United', 'id': '10260'}","{'name': 'Birmingham City', 'shortName': 'Birmingham', 'id': '8658'}",FT,5 - 0,/match/840085/matchfacts/manchester-united-vs-birmingham-city,2011-01-22T14:00:00.000Z
"{'name': 'Newcastle United', 'shortName': 'Newcastle', 'id': '10261'}","{'name': 'Tottenham Hotspur', 'shortName': 'Tottenham', 'id': '8586'}",FT,1 - 1,/match/840089/matchfacts/newcastle-united-vs-tottenham-hotspur,2011-01-22T14:00:00.000Z
"{'name': 'Aston Villa', 'shortName': 'Aston Villa', 'id': '10252'}","{'name': 'Manchester City', 'shortName': 'Man City', 'id': '8456'}",FT,1 - 0,/match/840087/matchfacts/aston-villa-vs-manchester-city,2011-01-22T16:30:00.000Z
"{'name': 'Blackburn Rovers', 'shortName': 'Blackburn', 'id': '8655'}","{'name': 'West Bromwich Albion', 'shortName': 'West Brom', 'id': '8659'}",FT,2 - 0,/match/840091/matchfacts/blackburn-rovers-vs-west-bromwich-albion,2011-01-23T15:00:00.000Z
"{'name': 'Bolton Wanderers', 'shortName': 'Bolton', 'id': '8559'}","{'name': 'Chelsea', 'shortName': 'Chelsea', 'id': '8455'}",FT,0 - 4,/match/840093/matchfacts/bolton-wanderers-vs-chelsea,2011-01-24T19:00:00.000Z
"{'name': 'Blackpool', 'shortName': 'Blackpool', 'id': '8483'}","{'name': 'Manchester United', 'shortName': 'Man United', 'id': '10260'}",FT,2 - 3,/match/839971/matchfacts/blackpool-vs-manchester-united,2011-01-25T18:30:00.000Z
"{'name': 'Wigan Athletic', 'shortName': 'Wigan', 'id': '8528'}","{'name': 'Aston Villa', 'shortName': 'Aston Villa', 'id': '10252'}",FT,1 - 2,/match/839992/matchfacts/wigan-athletic-vs-aston-villa,2011-01-25T18:45:00.000Z
"{'name': 'Liverpool', 'shortName': 'Liverpool', 'id': '8650'}","{'name': 'Fulham', 'shortName': 'Fulham', 'id': '9879'}",FT,1 - 0,/match/839985/matchfacts/liverpool-vs-fulham,2011-01-26T19:00:00.000Z
"{'name': 'Arsenal', 'shortName': 'Arsenal', 'id': '9825'}","{'name': 'Everton', 'shortName': 'Everton', 'id': '8668'}",FT,2 - 1,/match/840096/matchfacts/arsenal-vs-everton,2011-02-01T18:45:00.000Z
"{'name': 'Sunderland', 'shortName': 'Sunderland', 'id': '8472'}","{'name': 'Chelsea', 'shortName': 'Chelsea', 'id': '8455'}",FT,2 - 4,/match/840097/matchfacts/sunderland-vs-chelsea,2011-02-01T18:45:00.000Z
"{'name': 'Manchester United', 'shortName': 'Man United', 'id': '10260'}","{'name': 'Aston Villa', 'shortName': 'Aston Villa', 'id': '10252'}",FT,3 - 1,/match/840095/matchfacts/manchester-united-vs-aston-villa,2011-02-01T19:00:00.000Z
"{'name': 'West Bromwich Albion', 'shortName': 'West Brom', 'id': '8659'}","{'name': 'Wigan Athletic', 'shortName': 'Wigan', 'id': '8528'}",FT,2 - 2,/match/840100/matchfacts/west-bromwich-albion-vs-wigan-athletic,2011-02-01T19:00:00.000Z
"{'name': 'Birmingham City', 'shortName': 'Birmingham', 'id': '8658'}","{'name': 'Manchester City', 'shortName': 'Man City', 'id': '8456'}",FT,2 - 2,/match/840098/matchfacts/birmingham-city-vs-manchester-city,2011-02-02T18:45:00.000Z
"{'name': 'Blackburn Rovers', 'shortName': 'Blackburn', 'id': '8655'}","{'name': 'Tottenham Hotspur', 'shortName': 'Tottenham', 'id': '8586'}",FT,0 - 1,/match/840103/matchfacts/blackburn-rovers-vs-tottenham-hotspur,2011-02-02T19:00:00.000Z
"{'name': 'Blackpool', 'shortName': 'Blackpool', 'id': '8483'}","{'name': 'West Ham United', 'shortName': 'West Ham', 'id': '8654'}",FT,1 - 3,/match/840101/matchfacts/blackpool-vs-west-ham-united,2011-02-02T19:00:00.000Z
"{'name': 'Bolton Wanderers', 'shortName': 'Bolton', 'id': '8559'}","{'name': 'Wolverhampton Wanderers', 'shortName': 'Wolves', 'id': '8602'}",FT,1 - 0,/match/840099/matchfacts/bolton-wanderers-vs-wolverhampton-wanderers,2011-02-02T19:00:00.000Z
"{'name': 'Fulham', 'shortName': 'Fulham', 'id': '9879'}","{'name': 'Newcastle United', 'shortName': 'Newcastle', 'id': '10261'}",FT,1 - 0,/match/840104/matchfacts/fulham-vs-newcastle-united,2011-02-02T19:00:00.000Z
"{'name': 'Liverpool', 'shortName': 'Liverpool', 'id': '8650'}","{'name': 'Stoke City', 'shortName': 'Stoke', 'id': '10194'}",FT,2 - 0,/match/840102/matchfacts/liverpool-vs-stoke-city,2011-02-02T19:00:00.000Z
"{'name': 'Stoke City', 'shortName': 'Stoke', 'id': '10194'}","{'name': 'Sunderland', 'shortName': 'Sunderland', 'id': '8472'}",FT,3 - 2,/match/840112/matchfacts/stoke-city-vs-sunderland,2011-02-05T11:45:00.000Z
"{'name': 'Aston Villa', 'shortName': 'Aston Villa', 'id': '10252'}","{'name': 'Fulham', 'shortName': 'Fulham', 'id': '9879'}",FT,2 - 2,/match/840107/matchfacts/aston-villa-vs-fulham,2011-02-05T14:00:00.000Z
"{'name': 'Everton', 'shortName': 'Everton', 'id': '8668'}","{'name': 'Blackpool', 'shortName': 'Blackpool', 'id': '8483'}",FT,5 - 3,/match/840108/matchfacts/everton-vs-blackpool,2011-02-05T14:00:00.000Z
"{'name': 'Manchester City', 'shortName': 'Man City', 'id': '8456'}","{'name': 'West Bromwich Albion', 'shortName': 'West Brom', 'id': '8659'}",FT,3 - 0,/match/840110/matchfacts/manchester-city-vs-west-bromwich-albion,2011-02-05T14:00:00.000Z
"{'name': 'Newcastle United', 'shortName': 'Newcastle', 'id': '10261'}","{'name': 'Arsenal', 'shortName': 'Arsenal', 'id': '9825'}",FT,4 - 4,/match/840109/matchfacts/newcastle-united-vs-arsenal,2011-02-05T14:00:00.000Z
"{'name': 'Tottenham Hotspur', 'shortName': 'Tottenham', 'id': '8586'}","{'name': 'Bolton Wanderers', 'shortName': 'Bolton', 'id': '8559'}",FT,2 - 1,/match/840105/matchfacts/tottenham-hotspur-vs-bolton-wanderers,2011-02-05T14:00:00.000Z
"{'name': 'Wigan Athletic', 'shortName': 'Wigan', 'id': '8528'}","{'name': 'Blackburn Rovers', 'shortName': 'Blackburn', 'id': '8655'}",FT,4 - 3,/match/840113/matchfacts/wigan-athletic-vs-blackburn-rovers,2011-02-05T14:00:00.000Z
"{'name': 'Wolverhampton Wanderers', 'shortName': 'Wolves', 'id': '8602'}","{'name': 'Manchester United', 'shortName': 'Man United', 'id': '10260'}",FT,2 - 1,/match/840111/matchfacts/wolverhampton-wanderers-vs-manchester-united,2011-02-05T16:30:00.000Z
"{'name': 'West Ham United', 'shortName': 'West Ham', 'id': '8654'}","{'name': 'Birmingham City', 'shortName': 'Birmingham', 'id': '8658'}",FT,0 - 1,/match/840106/matchfacts/west-ham-united-vs-birmingham-city,2011-02-06T12:30:00.000Z
"{'name': 'Chelsea', 'shortName': 'Chelsea', 'id': '8455'}","{'name': 'Liverpool', 'shortName': 'Liverpool', 'id': '8650'}",FT,0 - 1,/match/840114/matchfacts/chelsea-vs-liverpool,2011-02-06T15:00:00.000Z
"{'name': 'Manchester United', 'shortName': 'Man United', 'id': '10260'}","{'name': 'Manchester City', 'shortName': 'Man City', 'id': '8456'}",FT,2 - 1,/match/840115/matchfacts/manchester-united-vs-manchester-city,2011-02-12T11:45:00.000Z
"{'name': 'Arsenal', 'shortName': 'Arsenal', 'id': '9825'}","{'name': 'Wolverhampton Wanderers', 'shortName': 'Wolves', 'id': '8602'}",FT,2 - 0,/match/840116/matchfacts/arsenal-vs-wolverhampton-wanderers,2011-02-12T14:00:00.000Z
"{'name': 'Birmingham City', 'shortName': 'Birmingham', 'id': '8658'}","{'name': 'Stoke City', 'shortName': 'Stoke', 'id': '10194'}",FT,1 - 0,/match/840121/matchfacts/birmingham-city-vs-stoke-city,2011-02-12T14:00:00.000Z
"{'name': 'Blackburn Rovers', 'shortName': 'Blackburn', 'id': '8655'}","{'name': 'Newcastle United', 'shortName': 'Newcastle', 'id': '10261'}",FT,0 - 0,/match/840119/matchfacts/blackburn-rovers-vs-newcastle-united,2011-02-12T14:00:00.000Z
"{'name': 'Blackpool', 'shortName': 'Blackpool', 'id': '8483'}","{'name': 'Aston Villa', 'shortName': 'Aston Villa', 'id': '10252'}",FT,1 - 1,/match/840124/matchfacts/blackpool-vs-aston-villa,2011-02-12T14:00:00.000Z
"{'name': 'Liverpool', 'shortName': 'Liverpool', 'id': '8650'}","{'name': 'Wigan Athletic', 'shortName': 'Wigan', 'id': '8528'}",FT,1 - 1,/match/840117/matchfacts/liverpool-vs-wigan-athletic,2011-02-12T14:00:00.000Z
"{'name': 'West Bromwich Albion', 'shortName': 'West Brom', 'id': '8659'}","{'name': 'West Ham United', 'shortName': 'West Ham', 'id': '8654'}",FT,3 - 3,/match/840123/matchfacts/west-bromwich-albion-vs-west-ham-united,2011-02-12T14:00:00.000Z
"{'name': 'Sunderland', 'shortName': 'Sunderland', 'id': '8472'}","{'name': 'Tottenham Hotspur', 'shortName': 'Tottenham', 'id': '8586'}",FT,1 - 2,/match/840118/matchfacts/sunderland-vs-tottenham-hotspur,2011-02-12T16:30:00.000Z
"{'name': 'Bolton Wanderers', 'shortName': 'Bolton', 'id': '8559'}","{'name': 'Everton', 'shortName': 'Everton', 'id': '8668'}",FT,2 - 0,/match/840122/matchfacts/bolton-wanderers-vs-everton,2011-02-13T15:00:00.000Z
"{'name': 'Fulham', 'shortName': 'Fulham', 'id': '9879'}","{'name': 'Chelsea', 'shortName': 'Chelsea', 'id': '8455'}",FT,0 - 0,/match/840120/matchfacts/fulham-vs-chelsea,2011-02-14T19:00:00.000Z
"{'name': 'Birmingham City', 'shortName': 'Birmingham', 'id': '8658'}","{'name': 'Newcastle United', 'shortName': 'Newcastle', 'id': '10261'}",FT,0 - 2,/match/839989/matchfacts/birmingham-city-vs-newcastle-united,2011-02-15T18:45:00.000Z
"{'name': 'West Bromwich Albion', 'shortName': 'West Brom', 'id': '8659'}","{'name': 'Wolverhampton Wanderers', 'shortName': 'Wolves', 'id': '8602'}",FT,1 - 1,/match/839990/matchfacts/west-bromwich-albion-vs-wolverhampton-wanderers,2011-02-20T11:00:00.000Z
"{'name': 'Blackpool', 'shortName': 'Blackpool', 'id': '8483'}","{'name': 'Tottenham Hotspur', 'shortName': 'Tottenham', 'id': '8586'}",FT,3 - 1,/match/839991/matchfacts/blackpool-vs-tottenham-hotspur,2011-02-22T19:00:00.000Z
"{'name': 'Arsenal', 'shortName': 'Arsenal', 'id': '9825'}","{'name': 'Stoke City', 'shortName': 'Stoke', 'id': '10194'}",FT,1 - 0,/match/839984/matchfacts/arsenal-vs-stoke-city,2011-02-23T18:45:00.000Z
"{'name': 'Aston Villa', 'shortName': 'Aston Villa', 'id': '10252'}","{'name': 'Blackburn Rovers', 'shortName': 'Blackburn', 'id': '8655'}",FT,4 - 1,/match/840127/matchfacts/aston-villa-vs-blackburn-rovers,2011-02-26T14:00:00.000Z
"{'name': 'Everton', 'shortName': 'Everton', 'id': '8668'}","{'name': 'Sunderland', 'shortName': 'Sunderland', 'id': '8472'}",FT,2 - 0,/match/840128/matchfacts/everton-vs-sunderland,2011-02-26T14:00:00.000Z
"{'name': 'Newcastle United', 'shortName': 'Newcastle', 'id': '10261'}","{'name': 'Bolton Wanderers', 'shortName': 'Bolton', 'id': '8559'}",FT,1 - 1,/match/840129/matchfacts/newcastle-united-vs-bolton-wanderers,2011-02-26T14:00:00.000Z
"{'name': 'Wigan Athletic', 'shortName': 'Wigan', 'id': '8528'}","{'name': 'Manchester United', 'shortName': 'Man United', 'id': '10260'}",FT,0 - 4,/match/840133/matchfacts/wigan-athletic-vs-manchester-united,2011-02-26T14:00:00.000Z
"{'name': 'Wolverhampton Wanderers', 'shortName': 'Wolves', 'id': '8602'}","{'name': 'Blackpool', 'shortName': 'Blackpool', 'id': '8483'}",FT,4 - 0,/match/840131/matchfacts/wolverhampton-wanderers-vs-blackpool,2011-02-26T14:00:00.000Z
"{'name': 'West Ham United', 'shortName': 'West Ham', 'id': '8654'}","{'name': 'Liverpool', 'shortName': 'Liverpool', 'id': '8650'}",FT,3 - 1,/match/840126/matchfacts/west-ham-united-vs-liverpool,2011-02-27T12:30:00.000Z
"{'name': 'Manchester City', 'shortName': 'Man City', 'id': '8456'}","{'name': 'Fulham', 'shortName': 'Fulham', 'id': '9879'}",FT,1 - 1,/match/840130/matchfacts/manchester-city-vs-fulham,2011-02-27T14:00:00.000Z
"{'name': 'Stoke City', 'shortName': 'Stoke', 'id': '10194'}","{'name': 'West Bromwich Albion', 'shortName': 'West Brom', 'id': '8659'}",FT,1 - 1,/match/840132/matchfacts/stoke-city-vs-west-bromwich-albion,2011-02-28T19:00:00.000Z
"{'name': 'Chelsea', 'shortName': 'Chelsea', 'id': '8455'}","{'name': 'Manchester United', 'shortName': 'Man United', 'id': '10260'}",FT,2 - 1,/match/839993/matchfacts/chelsea-vs-manchester-united,2011-03-01T18:45:00.000Z
"{'name': 'Birmingham City', 'shortName': 'Birmingham', 'id': '8658'}","{'name': 'West Bromwich Albion', 'shortName': 'West Brom', 'id': '8659'}",FT,1 - 3,/match/840142/matchfacts/birmingham-city-vs-west-bromwich-albion,2011-03-05T11:45:00.000Z
"{'name': 'Arsenal', 'shortName': 'Arsenal', 'id': '9825'}","{'name': 'Sunderland', 'shortName': 'Sunderland', 'id': '8472'}",FT,0 - 0,/match/840135/matchfacts/arsenal-vs-sunderland,2011-03-05T14:00:00.000Z
"{'name': 'Bolton Wanderers', 'shortName': 'Bolton', 'id': '8559'}","{'name': 'Aston Villa', 'shortName': 'Aston Villa', 'id': '10252'}",FT,3 - 2,/match/840143/matchfacts/bolton-wanderers-vs-aston-villa,2011-03-05T14:00:00.000Z
"{'name': 'Fulham', 'shortName': 'Fulham', 'id': '9879'}","{'name': 'Blackburn Rovers', 'shortName': 'Blackburn', 'id': '8655'}",FT,3 - 2,/match/840141/matchfacts/fulham-vs-blackburn-rovers,2011-03-05T14:00:00.000Z
"{'name': 'Newcastle United', 'shortName': 'Newcastle', 'id': '10261'}","{'name': 'Everton', 'shortName': 'Everton', 'id': '8668'}",FT,1 - 2,/match/840138/matchfacts/newcastle-united-vs-everton,2011-03-05T14:00:00.000Z
"{'name': 'West Ham United', 'shortName': 'West Ham', 'id': '8654'}","{'name': 'Stoke City', 'shortName': 'Stoke', 'id': '10194'}",FT,3 - 0,/match/840137/matchfacts/west-ham-united-vs-stoke-city,2011-03-05T14:00:00.000Z
"{'name': 'Manchester City', 'shortName': 'Man City', 'id': '8456'}","{'name': 'Wigan Athletic', 'shortName': 'Wigan', 'id': '8528'}",FT,1 - 0,/match/840139/matchfacts/manchester-city-vs-wigan-athletic,2011-03-05T16:30:00.000Z
"{'name': 'Liverpool', 'shortName': 'Liverpool', 'id': '8650'}","{'name': 'Manchester United', 'shortName': 'Man United', 'id': '10260'}",FT,3 - 1,/match/840136/matchfacts/liverpool-vs-manchester-united,2011-03-06T12:30:00.000Z
"{'name': 'Wolverhampton Wanderers', 'shortName': 'Wolves', 'id': '8602'}","{'name': 'Tottenham Hotspur', 'shortName': 'Tottenham', 'id': '8586'}",FT,3 - 3,/match/840140/matchfacts/wolverhampton-wanderers-vs-tottenham-hotspur,2011-03-06T15:00:00.000Z
"{'name': 'Blackpool', 'shortName': 'Blackpool', 'id': '8483'}","{'name': 'Chelsea', 'shortName': 'Chelsea', 'id': '8455'}",FT,1 - 3,/match/840144/matchfacts/blackpool-vs-chelsea,2011-03-07T19:00:00.000Z
"{'name': 'Everton', 'shortName': 'Everton', 'id': '8668'}","{'name': 'Birmingham City', 'shortName': 'Birmingham', 'id': '8658'}",FT,1 - 1,/match/839997/matchfacts/everton-vs-birmingham-city,2011-03-09T19:00:00.000Z
"{'name': 'Tottenham Hotspur', 'shortName': 'Tottenham', 'id': '8586'}","{'name': 'West Ham United', 'shortName': 'West Ham', 'id': '8654'}",FT,0 - 0,/match/840147/matchfacts/tottenham-hotspur-vs-west-ham-united,2011-03-19T11:45:00.000Z
"{'name': 'Aston Villa', 'shortName': 'Aston Villa', 'id': '10252'}","{'name': 'Wolverhampton Wanderers', 'shortName': 'Wolves', 'id': '8602'}",FT,0 - 1,/match/840148/matchfacts/aston-villa-vs-wolverhampton-wanderers,2011-03-19T14:00:00.000Z
"{'name': 'Blackburn Rovers', 'shortName': 'Blackburn', 'id': '8655'}","{'name': 'Blackpool', 'shortName': 'Blackpool', 'id': '8483'}",FT,2 - 2,/match/840150/matchfacts/blackburn-rovers-vs-blackpool,2011-03-19T14:00:00.000Z
"{'name': 'Manchester United', 'shortName': 'Man United', 'id': '10260'}","{'name': 'Bolton Wanderers', 'shortName': 'Bolton', 'id': '8559'}",FT,1 - 0,/match/840145/matchfacts/manchester-united-vs-bolton-wanderers,2011-03-19T14:00:00.000Z
"{'name': 'Stoke City', 'shortName': 'Stoke', 'id': '10194'}","{'name': 'Newcastle United', 'shortName': 'Newcastle', 'id': '10261'}",FT,4 - 0,/match/840152/matchfacts/stoke-city-vs-newcastle-united,2011-03-19T14:00:00.000Z
"{'name': 'West Bromwich Albion', 'shortName': 'West Brom', 'id': '8659'}","{'name': 'Arsenal', 'shortName': 'Arsenal', 'id': '9825'}",FT,2 - 2,/match/840151/matchfacts/west-bromwich-albion-vs-arsenal,2011-03-19T14:00:00.000Z
"{'name': 'Wigan Athletic', 'shortName': 'Wigan', 'id': '8528'}","{'name': 'Birmingham City', 'shortName': 'Birmingham', 'id': '8658'}",FT,2 - 1,/match/840153/matchfacts/wigan-athletic-vs-birmingham-city,2011-03-19T14:00:00.000Z
"{'name': 'Everton', 'shortName': 'Everton', 'id': '8668'}","{'name': 'Fulham', 'shortName': 'Fulham', 'id': '9879'}",FT,2 - 1,/match/840149/matchfacts/everton-vs-fulham,2011-03-19T16:30:00.000Z
"{'name': 'Sunderland', 'shortName': 'Sunderland', 'id': '8472'}","{'name': 'Liverpool', 'shortName': 'Liverpool', 'id': '8650'}",FT,0 - 2,/match/840146/matchfacts/sunderland-vs-liverpool,2011-03-20T12:30:00.000Z
"{'name': 'Chelsea', 'shortName': 'Chelsea', 'id': '8455'}","{'name': 'Manchester City', 'shortName': 'Man City', 'id': '8456'}",FT,2 - 0,/match/840154/matchfacts/chelsea-vs-manchester-city,2011-03-20T15:00:00.000Z
"{'name': 'West Ham United', 'shortName': 'West Ham', 'id': '8654'}","{'name': 'Manchester United', 'shortName': 'Man United', 'id': '10260'}",FT,2 - 4,/match/840156/matchfacts/west-ham-united-vs-manchester-united,2011-04-02T09:45:00.000Z
"{'name': 'Birmingham City', 'shortName': 'Birmingham', 'id': '8658'}","{'name': 'Bolton Wanderers', 'shortName': 'Bolton', 'id': '8559'}",FT,2 - 1,/match/840161/matchfacts/birmingham-city-vs-bolton-wanderers,2011-04-02T12:00:00.000Z
"{'name': 'Everton', 'shortName': 'Everton', 'id': '8668'}","{'name': 'Aston Villa', 'shortName': 'Aston Villa', 'id': '10252'}",FT,2 - 2,/match/840157/matchfacts/everton-vs-aston-villa,2011-04-02T12:00:00.000Z
"{'name': 'Newcastle United', 'shortName': 'Newcastle', 'id': '10261'}","{'name': 'Wolverhampton Wanderers', 'shortName': 'Wolves', 'id': '8602'}",FT,4 - 1,/match/840158/matchfacts/newcastle-united-vs-wolverhampton-wanderers,2011-04-02T12:00:00.000Z
"{'name': 'Stoke City', 'shortName': 'Stoke', 'id': '10194'}","{'name': 'Chelsea', 'shortName': 'Chelsea', 'id': '8455'}",FT,1 - 1,/match/840163/matchfacts/stoke-city-vs-chelsea,2011-04-02T12:00:00.000Z
"{'name': 'West Bromwich Albion', 'shortName': 'West Brom', 'id': '8659'}","{'name': 'Liverpool', 'shortName': 'Liverpool', 'id': '8650'}",FT,2 - 1,/match/840162/matchfacts/west-bromwich-albion-vs-liverpool,2011-04-02T12:00:00.000Z
"{'name': 'Wigan Athletic', 'shortName': 'Wigan', 'id': '8528'}","{'name': 'Tottenham Hotspur', 'shortName': 'Tottenham', 'id': '8586'}",FT,0 - 0,/match/840164/matchfacts/wigan-athletic-vs-tottenham-hotspur,2011-04-02T12:00:00.000Z
"{'name': 'Arsenal', 'shortName': 'Arsenal', 'id': '9825'}","{'name': 'Blackburn Rovers', 'shortName': 'Blackburn', 'id': '8655'}",FT,0 - 0,/match/840155/matchfacts/arsenal-vs-blackburn-rovers,2011-04-02T14:30:00.000Z
"{'name': 'Fulham', 'shortName': 'Fulham', 'id': '9879'}","{'name': 'Blackpool', 'shortName': 'Blackpool', 'id': '8483'}",FT,3 - 0,/match/840160/matchfacts/fulham-vs-blackpool,2011-04-03T10:30:00.000Z
"{'name': 'Manchester City', 'shortName': 'Man City', 'id': '8456'}","{'name': 'Sunderland', 'shortName': 'Sunderland', 'id': '8472'}",FT,5 - 0,/match/840159/matchfacts/manchester-city-vs-sunderland,2011-04-03T13:00:00.000Z
"{'name': 'Wolverhampton Wanderers', 'shortName': 'Wolves', 'id': '8602'}","{'name': 'Everton', 'shortName': 'Everton', 'id': '8668'}",FT,0 - 3,/match/840170/matchfacts/wolverhampton-wanderers-vs-everton,2011-04-09T09:45:00.000Z
"{'name': 'Blackburn Rovers', 'shortName': 'Blackburn', 'id': '8655'}","{'name': 'Birmingham City', 'shortName': 'Birmingham', 'id': '8658'}",FT,1 - 1,/match/840171/matchfacts/blackburn-rovers-vs-birmingham-city,2011-04-09T12:00:00.000Z
"{'name': 'Bolton Wanderers', 'shortName': 'Bolton', 'id': '8559'}","{'name': 'West Ham United', 'shortName': 'West Ham', 'id': '8654'}",FT,3 - 0,/match/840172/matchfacts/bolton-wanderers-vs-west-ham-united,2011-04-09T12:00:00.000Z
"{'name': 'Chelsea', 'shortName': 'Chelsea', 'id': '8455'}","{'name': 'Wigan Athletic', 'shortName': 'Wigan', 'id': '8528'}",FT,1 - 0,/match/840174/matchfacts/chelsea-vs-wigan-athletic,2011-04-09T12:00:00.000Z
"{'name': 'Manchester United', 'shortName': 'Man United', 'id': '10260'}","{'name': 'Fulham', 'shortName': 'Fulham', 'id': '9879'}",FT,2 - 0,/match/840165/matchfacts/manchester-united-vs-fulham,2011-04-09T12:00:00.000Z
"{'name': 'Sunderland', 'shortName': 'Sunderland', 'id': '8472'}","{'name': 'West Bromwich Albion', 'shortName': 'West Brom', 'id': '8659'}",FT,2 - 3,/match/840167/matchfacts/sunderland-vs-west-bromwich-albion,2011-04-09T12:00:00.000Z
"{'name': 'Tottenham Hotspur', 'shortName': 'Tottenham', 'id': '8586'}","{'name': 'Stoke City', 'shortName': 'Stoke', 'id': '10194'}",FT,3 - 2,/match/840168/matchfacts/tottenham-hotspur-vs-stoke-city,2011-04-09T12:00:00.000Z
"{'name': 'Blackpool', 'shortName': 'Blackpool', 'id': '8483'}","{'name': 'Arsenal', 'shortName': 'Arsenal', 'id': '9825'}",FT,1 - 3,/match/840173/matchfacts/blackpool-vs-arsenal,2011-04-10T10:30:00.000Z
"{'name': 'Aston Villa', 'shortName': 'Aston Villa', 'id': '10252'}","{'name': 'Newcastle United', 'shortName': 'Newcastle', 'id': '10261'}",FT,1 - 0,/match/840169/matchfacts/aston-villa-vs-newcastle-united,2011-04-10T13:00:00.000Z
"{'name': 'Liverpool', 'shortName': 'Liverpool', 'id': '8650'}","{'name': 'Manchester City', 'shortName': 'Man City', 'id': '8456'}",FT,3 - 0,/match/840166/matchfacts/liverpool-vs-manchester-city,2011-04-11T17:00:00.000Z
"{'name': 'Birmingham City', 'shortName': 'Birmingham', 'id': '8658'}","{'name': 'Sunderland', 'shortName': 'Sunderland', 'id': '8472'}",FT,2 - 0,/match/840181/matchfacts/birmingham-city-vs-sunderland,2011-04-16T12:00:00.000Z
"{'name': 'Blackpool', 'shortName': 'Blackpool', 'id': '8483'}","{'name': 'Wigan Athletic', 'shortName': 'Wigan', 'id': '8528'}",FT,1 - 3,/match/839798/matchfacts/blackpool-vs-wigan-athletic,2011-04-16T12:00:00.000Z
"{'name': 'Everton', 'shortName': 'Everton', 'id': '8668'}","{'name': 'Blackburn Rovers', 'shortName': 'Blackburn', 'id': '8655'}",FT,2 - 0,/match/840177/matchfacts/everton-vs-blackburn-rovers,2011-04-16T12:00:00.000Z
"{'name': 'West Bromwich Albion', 'shortName': 'West Brom', 'id': '8659'}","{'name': 'Chelsea', 'shortName': 'Chelsea', 'id': '8455'}",FT,1 - 3,/match/840182/matchfacts/west-bromwich-albion-vs-chelsea,2011-04-16T12:00:00.000Z
"{'name': 'West Ham United', 'shortName': 'West Ham', 'id': '8654'}","{'name': 'Aston Villa', 'shortName': 'Aston Villa', 'id': '10252'}",FT,1 - 2,/match/840176/matchfacts/west-ham-united-vs-aston-villa,2011-04-16T12:00:00.000Z
"{'name': 'Arsenal', 'shortName': 'Arsenal', 'id': '9825'}","{'name': 'Liverpool', 'shortName': 'Liverpool', 'id': '8650'}",FT,1 - 1,/match/840175/matchfacts/arsenal-vs-liverpool,2011-04-17T13:00:00.000Z
"{'name': 'Newcastle United', 'shortName': 'Newcastle', 'id': '10261'}","{'name': 'Manchester United', 'shortName': 'Man United', 'id': '10260'}",FT,0 - 0,/match/840178/matchfacts/newcastle-united-vs-manchester-united,2011-04-19T16:45:00.000Z
"{'name': 'Chelsea', 'shortName': 'Chelsea', 'id': '8455'}","{'name': 'Birmingham City', 'shortName': 'Birmingham', 'id': '8658'}",FT,3 - 1,/match/840134/matchfacts/chelsea-vs-birmingham-city,2011-04-20T16:45:00.000Z
"{'name': 'Tottenham Hotspur', 'shortName': 'Tottenham', 'id': '8586'}","{'name': 'Arsenal', 'shortName': 'Arsenal', 'id': '9825'}",FT,3 - 3,/match/840125/matchfacts/tottenham-hotspur-vs-arsenal,2011-04-20T16:45:00.000Z
"{'name': 'Manchester United', 'shortName': 'Man United', 'id': '10260'}","{'name': 'Everton', 'shortName': 'Everton', 'id': '8668'}",FT,1 - 0,/match/840185/matchfacts/manchester-united-vs-everton,2011-04-23T09:45:00.000Z
"{'name': 'Aston Villa', 'shortName': 'Aston Villa', 'id': '10252'}","{'name': 'Stoke City', 'shortName': 'Stoke', 'id': '10194'}",FT,1 - 1,/match/840189/matchfacts/aston-villa-vs-stoke-city,2011-04-23T12:00:00.000Z
"{'name': 'Blackpool', 'shortName': 'Blackpool', 'id': '8483'}","{'name': 'Newcastle United', 'shortName': 'Newcastle', 'id': '10261'}",FT,1 - 1,/match/840193/matchfacts/blackpool-vs-newcastle-united,2011-04-23T12:00:00.000Z
"{'name': 'Liverpool', 'shortName': 'Liverpool', 'id': '8650'}","{'name': 'Birmingham City', 'shortName': 'Birmingham', 'id': '8658'}",FT,5 - 0,/match/840186/matchfacts/liverpool-vs-birmingham-city,2011-04-23T12:00:00.000Z
"{'name': 'Sunderland', 'shortName': 'Sunderland', 'id': '8472'}","{'name': 'Wigan Athletic', 'shortName': 'Wigan', 'id': '8528'}",FT,4 - 2,/match/840187/matchfacts/sunderland-vs-wigan-athletic,2011-04-23T12:00:00.000Z
"{'name': 'Tottenham Hotspur', 'shortName': 'Tottenham', 'id': '8586'}","{'name': 'West Bromwich Albion', 'shortName': 'West Brom', 'id': '8659'}",FT,2 - 2,/match/840188/matchfacts/tottenham-hotspur-vs-west-bromwich-albion,2011-04-23T12:00:00.000Z
"{'name': 'Wolverhampton Wanderers', 'shortName': 'Wolves', 'id': '8602'}","{'name': 'Fulham', 'shortName': 'Fulham', 'id': '9879'}",FT,1 - 1,/match/840190/matchfacts/wolverhampton-wanderers-vs-fulham,2011-04-23T12:00:00.000Z
"{'name': 'Chelsea', 'shortName': 'Chelsea', 'id': '8455'}","{'name': 'West Ham United', 'shortName': 'West Ham', 'id': '8654'}",FT,3 - 0,/match/840194/matchfacts/chelsea-vs-west-ham-united,2011-04-23T14:30:00.000Z
"{'name': 'Bolton Wanderers', 'shortName': 'Bolton', 'id': '8559'}","{'name': 'Arsenal', 'shortName': 'Arsenal', 'id': '9825'}",FT,2 - 1,/match/840192/matchfacts/bolton-wanderers-vs-arsenal,2011-04-24T13:00:00.000Z
"{'name': 'Blackburn Rovers', 'shortName': 'Blackburn', 'id': '8655'}","{'name': 'Manchester City', 'shortName': 'Man City', 'id': '8456'}",FT,0 - 1,/match/840191/matchfacts/blackburn-rovers-vs-manchester-city,2011-04-25T17:00:00.000Z
"{'name': 'Stoke City', 'shortName': 'Stoke', 'id': '10194'}","{'name': 'Wolverhampton Wanderers', 'shortName': 'Wolves', 'id': '8602'}",FT,3 - 0,/match/840183/matchfacts/stoke-city-vs-wolverhampton-wanderers,2011-04-26T16:45:00.000Z
"{'name': 'Fulham', 'shortName': 'Fulham', 'id': '9879'}","{'name': 'Bolton Wanderers', 'shortName': 'Bolton', 'id': '8559'}",FT,3 - 0,/match/840180/matchfacts/fulham-vs-bolton-wanderers,2011-04-27T17:00:00.000Z
"{'name': 'Blackburn Rovers', 'shortName': 'Blackburn', 'id': '8655'}","{'name': 'Bolton Wanderers', 'shortName': 'Bolton', 'id': '8559'}",FT,1 - 0,/match/840199/matchfacts/blackburn-rovers-vs-bolton-wanderers,2011-04-30T12:00:00.000Z
"{'name': 'Blackpool', 'shortName': 'Blackpool', 'id': '8483'}","{'name': 'Stoke City', 'shortName': 'Stoke', 'id': '10194'}",FT,0 - 0,/match/840202/matchfacts/blackpool-vs-stoke-city,2011-04-30T12:00:00.000Z
"{'name': 'Sunderland', 'shortName': 'Sunderland', 'id': '8472'}","{'name': 'Fulham', 'shortName': 'Fulham', 'id': '9879'}",FT,0 - 3,/match/840197/matchfacts/sunderland-vs-fulham,2011-04-30T12:00:00.000Z
"{'name': 'West Bromwich Albion', 'shortName': 'West Brom', 'id': '8659'}","{'name': 'Aston Villa', 'shortName': 'Aston Villa', 'id': '10252'}",FT,2 - 1,/match/840201/matchfacts/west-bromwich-albion-vs-aston-villa,2011-04-30T12:00:00.000Z
"{'name': 'Wigan Athletic', 'shortName': 'Wigan', 'id': '8528'}","{'name': 'Everton', 'shortName': 'Everton', 'id': '8668'}",FT,1 - 1,/match/840203/matchfacts/wigan-athletic-vs-everton,2011-04-30T12:00:00.000Z
"{'name': 'Chelsea', 'shortName': 'Chelsea', 'id': '8455'}","{'name': 'Tottenham Hotspur', 'shortName': 'Tottenham', 'id': '8586'}",FT,2 - 1,/match/840204/matchfacts/chelsea-vs-tottenham-hotspur,2011-04-30T14:30:00.000Z
"{'name': 'Birmingham City', 'shortName': 'Birmingham', 'id': '8658'}","{'name': 'Wolverhampton Wanderers', 'shortName': 'Wolves', 'id': '8602'}",FT,1 - 1,/match/840200/matchfacts/birmingham-city-vs-wolverhampton-wanderers,2011-05-01T09:00:00.000Z
"{'name': 'Liverpool', 'shortName': 'Liverpool', 'id': '8650'}","{'name': 'Newcastle United', 'shortName': 'Newcastle', 'id': '10261'}",FT,3 - 0,/match/840196/matchfacts/liverpool-vs-newcastle-united,2011-05-01T09:00:00.000Z
"{'name': 'Arsenal', 'shortName': 'Arsenal', 'id': '9825'}","{'name': 'Manchester United', 'shortName': 'Man United', 'id': '10260'}",FT,1 - 0,/match/840195/matchfacts/arsenal-vs-manchester-united,2011-05-01T11:05:00.000Z
"{'name': 'Manchester City', 'shortName': 'Man City', 'id': '8456'}","{'name': 'West Ham United', 'shortName': 'West Ham', 'id': '8654'}",FT,2 - 1,/match/840198/matchfacts/manchester-city-vs-west-ham-united,2011-05-01T13:10:00.000Z
"{'name': 'Aston Villa', 'shortName': 'Aston Villa', 'id': '10252'}","{'name': 'Wigan Athletic', 'shortName': 'Wigan', 'id': '8528'}",FT,1 - 1,/match/840208/matchfacts/aston-villa-vs-wigan-athletic,2011-05-07T12:00:00.000Z
"{'name': 'Bolton Wanderers', 'shortName': 'Bolton', 'id': '8559'}","{'name': 'Sunderland', 'shortName': 'Sunderland', 'id': '8472'}",FT,1 - 2,/match/840213/matchfacts/bolton-wanderers-vs-sunderland,2011-05-07T12:00:00.000Z
"{'name': 'Everton', 'shortName': 'Everton', 'id': '8668'}","{'name': 'Manchester City', 'shortName': 'Man City', 'id': '8456'}",FT,2 - 1,/match/840209/matchfacts/everton-vs-manchester-city,2011-05-07T12:00:00.000Z
"{'name': 'Newcastle United', 'shortName': 'Newcastle', 'id': '10261'}","{'name': 'Birmingham City', 'shortName': 'Birmingham', 'id': '8658'}",FT,2 - 1,/match/840210/matchfacts/newcastle-united-vs-birmingham-city,2011-05-07T12:00:00.000Z
"{'name': 'West Ham United', 'shortName': 'West Ham', 'id': '8654'}","{'name': 'Blackburn Rovers', 'shortName': 'Blackburn', 'id': '8655'}",FT,1 - 1,/match/840207/matchfacts/west-ham-united-vs-blackburn-rovers,2011-05-07T12:00:00.000Z
"{'name': 'Tottenham Hotspur', 'shortName': 'Tottenham', 'id': '8586'}","{'name': 'Blackpool', 'shortName': 'Blackpool', 'id': '8483'}",FT,1 - 1,/match/840206/matchfacts/tottenham-hotspur-vs-blackpool,2011-05-07T14:30:00.000Z
"{'name': 'Wolverhampton Wanderers', 'shortName': 'Wolves', 'id': '8602'}","{'name': 'West Bromwich Albion', 'shortName': 'West Brom', 'id': '8659'}",FT,3 - 1,/match/840211/matchfacts/wolverhampton-wanderers-vs-west-bromwich-albion,2011-05-08T09:00:00.000Z
"{'name': 'Stoke City', 'shortName': 'Stoke', 'id': '10194'}","{'name': 'Arsenal', 'shortName': 'Arsenal', 'id': '9825'}",FT,3 - 1,/match/840214/matchfacts/stoke-city-vs-arsenal,2011-05-08T11:05:00.000Z
"{'name': 'Manchester United', 'shortName': 'Man United', 'id': '10260'}","{'name': 'Chelsea', 'shortName': 'Chelsea', 'id': '8455'}",FT,2 - 1,/match/840205/matchfacts/manchester-united-vs-chelsea,2011-05-08T13:10:00.000Z
"{'name': 'Fulham', 'shortName': 'Fulham', 'id': '9879'}","{'name': 'Liverpool', 'shortName': 'Liverpool', 'id': '8650'}",FT,2 - 5,/match/840212/matchfacts/fulham-vs-liverpool,2011-05-09T17:00:00.000Z
"{'name': 'Manchester City', 'shortName': 'Man City', 'id': '8456'}","{'name': 'Tottenham Hotspur', 'shortName': 'Tottenham', 'id': '8586'}",FT,1 - 0,/match/840179/matchfacts/manchester-city-vs-tottenham-hotspur,2011-05-10T16:45:00.000Z
"{'name': 'Blackburn Rovers', 'shortName': 'Blackburn', 'id': '8655'}","{'name': 'Manchester United', 'shortName': 'Man United', 'id': '10260'}",FT,1 - 1,/match/840219/matchfacts/blackburn-rovers-vs-manchester-united,2011-05-14T09:45:00.000Z
"{'name': 'Blackpool', 'shortName': 'Blackpool', 'id': '8483'}","{'name': 'Bolton Wanderers', 'shortName': 'Bolton', 'id': '8559'}",FT,4 - 3,/match/840222/matchfacts/blackpool-vs-bolton-wanderers,2011-05-14T09:45:00.000Z
"{'name': 'Sunderland', 'shortName': 'Sunderland', 'id': '8472'}","{'name': 'Wolverhampton Wanderers', 'shortName': 'Wolves', 'id': '8602'}",FT,1 - 3,/match/840217/matchfacts/sunderland-vs-wolverhampton-wanderers,2011-05-14T09:45:00.000Z
"{'name': 'West Bromwich Albion', 'shortName': 'West Brom', 'id': '8659'}","{'name': 'Everton', 'shortName': 'Everton', 'id': '8668'}",FT,1 - 0,/match/840221/matchfacts/west-bromwich-albion-vs-everton,2011-05-14T09:45:00.000Z
"{'name': 'Chelsea', 'shortName': 'Chelsea', 'id': '8455'}","{'name': 'Newcastle United', 'shortName': 'Newcastle', 'id': '10261'}",FT,2 - 2,/match/840224/matchfacts/chelsea-vs-newcastle-united,2011-05-15T10:30:00.000Z
"{'name': 'Arsenal', 'shortName': 'Arsenal', 'id': '9825'}","{'name': 'Aston Villa', 'shortName': 'Aston Villa', 'id': '10252'}",FT,1 - 2,/match/840215/matchfacts/arsenal-vs-aston-villa,2011-05-15T13:00:00.000Z
"{'name': 'Birmingham City', 'shortName': 'Birmingham', 'id': '8658'}","{'name': 'Fulham', 'shortName': 'Fulham', 'id': '9879'}",FT,0 - 2,/match/840220/matchfacts/birmingham-city-vs-fulham,2011-05-15T13:00:00.000Z
"{'name': 'Liverpool', 'shortName': 'Liverpool', 'id': '8650'}","{'name': 'Tottenham Hotspur', 'shortName': 'Tottenham', 'id': '8586'}",FT,0 - 2,/match/840216/matchfacts/liverpool-vs-tottenham-hotspur,2011-05-15T13:00:00.000Z
"{'name': 'Wigan Athletic', 'shortName': 'Wigan', 'id': '8528'}","{'name': 'West Ham United', 'shortName': 'West Ham', 'id': '8654'}",FT,3 - 2,/match/840223/matchfacts/wigan-athletic-vs-west-ham-united,2011-05-15T13:00:00.000Z
"{'name': 'Manchester City', 'shortName': 'Man City', 'id': '8456'}","{'name': 'Stoke City', 'shortName': 'Stoke', 'id': '10194'}",FT,3 - 0,/match/840218/matchfacts/manchester-city-vs-stoke-city,2011-05-17T16:45:00.000Z
"{'name': 'Aston Villa', 'shortName': 'Aston Villa', 'id': '10252'}","{'name': 'Liverpool', 'shortName': 'Liverpool', 'id': '8650'}",FT,1 - 0,/match/840228/matchfacts/aston-villa-vs-liverpool,2011-05-22T13:00:00.000Z
"{'name': 'Bolton Wanderers', 'shortName': 'Bolton', 'id': '8559'}","{'name': 'Manchester City', 'shortName': 'Man City', 'id': '8456'}",FT,0 - 2,/match/840233/matchfacts/bolton-wanderers-vs-manchester-city,2011-05-22T13:00:00.000Z
"{'name': 'Everton', 'shortName': 'Everton', 'id': '8668'}","{'name': 'Chelsea', 'shortName': 'Chelsea', 'id': '8455'}",FT,1 - 0,/match/840229/matchfacts/everton-vs-chelsea,2011-05-22T13:00:00.000Z
"{'name': 'Fulham', 'shortName': 'Fulham', 'id': '9879'}","{'name': 'Arsenal', 'shortName': 'Arsenal', 'id': '9825'}",FT,2 - 2,/match/840232/matchfacts/fulham-vs-arsenal,2011-05-22T13:00:00.000Z
"{'name': 'Manchester United', 'shortName': 'Man United', 'id': '10260'}","{'name': 'Blackpool', 'shortName': 'Blackpool', 'id': '8483'}",FT,4 - 2,/match/840225/matchfacts/manchester-united-vs-blackpool,2011-05-22T13:00:00.000Z
"{'name': 'Newcastle United', 'shortName': 'Newcastle', 'id': '10261'}","{'name': 'West Bromwich Albion', 'shortName': 'West Brom', 'id': '8659'}",FT,3 - 3,/match/840230/matchfacts/newcastle-united-vs-west-bromwich-albion,2011-05-22T13:00:00.000Z
"{'name': 'Stoke City', 'shortName': 'Stoke', 'id': '10194'}","{'name': 'Wigan Athletic', 'shortName': 'Wigan', 'id': '8528'}",FT,0 - 1,/match/840234/matchfacts/stoke-city-vs-wigan-athletic,2011-05-22T13:00:00.000Z
"{'name': 'Tottenham Hotspur', 'shortName': 'Tottenham', 'id': '8586'}","{'name': 'Birmingham City', 'shortName': 'Birmingham', 'id': '8658'}",FT,2 - 1,/match/840226/matchfacts/tottenham-hotspur-vs-birmingham-city,2011-05-22T13:00:00.000Z
"{'name': 'West Ham United', 'shortName': 'West Ham', 'id': '8654'}","{'name': 'Sunderland', 'shortName': 'Sunderland', 'id': '8472'}",FT,0 - 3,/match/840227/matchfacts/west-ham-united-vs-sunderland,2011-05-22T13:00:00.000Z
"{'name': 'Wolverhampton Wanderers', 'shortName': 'Wolves', 'id': '8602'}","{'name': 'Blackburn Rovers', 'shortName': 'Blackburn', 'id': '8655'}",FT,2 - 3,/match/840231/matchfacts/wolverhampton-wanderers-vs-blackburn-rovers,2011-05-22T13:00:00.000Z
