,0,1,2,3,4,5,6,7,8,9,10
0,Tottenham Hotspur,Tottenham,8586,Manchester City,Man City,8456,FT,0 - 0,/match/839804/matchfacts/tottenham-hotspur-vs-manchester-city,839804,2010-08-14T09:45:00.000Z
1,Aston Villa,Aston Villa,10252,West Ham United,West Ham,8654,FT,3 - 0,/match/839796/matchfacts/aston-villa-vs-west-ham-united,839796,2010-08-14T12:00:00.000Z
2,Blackburn Rovers,Blackburn,8655,Everton,Everton,8668,FT,1 - 0,/match/839797/matchfacts/blackburn-rovers-vs-everton,839797,2010-08-14T12:00:00.000Z
3,Bolton Wanderers,Bolton,8559,Fulham,Fulham,9879,FT,0 - 0,/match/839799/matchfacts/bolton-wanderers-vs-fulham,839799,2010-08-14T12:00:00.000Z
4,Sunderland,Sunderland,8472,Birmingham City,Birmingham,8658,FT,02-Feb,/match/839803/matchfacts/sunderland-vs-birmingham-city,839803,2010-08-14T12:00:00.000Z
5,Wigan Athletic,Wigan,8528,Blackpool,Blackpool,8483,FT,0 - 4,/match/840184/matchfacts/wigan-athletic-vs-blackpool,840184,2010-08-14T12:00:00.000Z
6,Wolverhampton Wanderers,Wolves,8602,Stoke City,Stoke,10194,FT,02-Jan,/match/839805/matchfacts/wolverhampton-wanderers-vs-stoke-city,839805,2010-08-14T12:00:00.000Z
7,Chelsea,Chelsea,8455,West Bromwich Albion,West Brom,8659,FT,6 - 0,/match/839800/matchfacts/chelsea-vs-west-bromwich-albion,839800,2010-08-14T14:30:00.000Z
8,Liverpool,Liverpool,8650,Arsenal,Arsenal,9825,FT,01-Jan,/match/839801/matchfacts/liverpool-vs-arsenal,839801,2010-08-15T13:00:00.000Z
9,Manchester United,Man United,10260,Newcastle United,Newcastle,10261,FT,3 - 0,/match/839802/matchfacts/manchester-united-vs-newcastle-united,839802,2010-08-16T17:00:00.000Z
10,Arsenal,Arsenal,9825,Blackpool,Blackpool,8483,FT,6 - 0,/match/839824/matchfacts/arsenal-vs-blackpool,839824,2010-08-21T12:00:00.000Z
11,Birmingham City,Birmingham,8658,Blackburn Rovers,Blackburn,8655,FT,02-Jan,/match/839830/matchfacts/birmingham-city-vs-blackburn-rovers,839830,2010-08-21T12:00:00.000Z
12,Everton,Everton,8668,Wolverhampton Wanderers,Wolves,8602,FT,01-Jan,/match/839826/matchfacts/everton-vs-wolverhampton-wanderers,839826,2010-08-21T12:00:00.000Z
13,Stoke City,Stoke,10194,Tottenham Hotspur,Tottenham,8586,FT,01-Feb,/match/839832/matchfacts/stoke-city-vs-tottenham-hotspur,839832,2010-08-21T12:00:00.000Z
14,West Bromwich Albion,West Brom,8659,Sunderland,Sunderland,8472,FT,1 - 0,/match/839831/matchfacts/west-bromwich-albion-vs-sunderland,839831,2010-08-21T12:00:00.000Z
15,West Ham United,West Ham,8654,Bolton Wanderers,Bolton,8559,FT,01-Mar,/match/839825/matchfacts/west-ham-united-vs-bolton-wanderers,839825,2010-08-21T12:00:00.000Z
16,Wigan Athletic,Wigan,8528,Chelsea,Chelsea,8455,FT,0 - 6,/match/839833/matchfacts/wigan-athletic-vs-chelsea,839833,2010-08-21T14:15:00.000Z
17,Newcastle United,Newcastle,10261,Aston Villa,Aston Villa,10252,FT,6 - 0,/match/839827/matchfacts/newcastle-united-vs-aston-villa,839827,2010-08-22T10:30:00.000Z
18,Fulham,Fulham,9879,Manchester United,Man United,10260,FT,02-Feb,/match/839829/matchfacts/fulham-vs-manchester-united,839829,2010-08-22T13:00:00.000Z
19,Manchester City,Man City,8456,Liverpool,Liverpool,8650,FT,3 - 0,/match/839828/matchfacts/manchester-city-vs-liverpool,839828,2010-08-23T17:00:00.000Z
20,Blackburn Rovers,Blackburn,8655,Arsenal,Arsenal,9825,FT,01-Feb,/match/839840/matchfacts/blackburn-rovers-vs-arsenal,839840,2010-08-28T09:45:00.000Z
21,Blackpool,Blackpool,8483,Fulham,Fulham,9879,FT,02-Feb,/match/839842/matchfacts/blackpool-vs-fulham,839842,2010-08-28T12:00:00.000Z
22,Chelsea,Chelsea,8455,Stoke City,Stoke,10194,FT,2 - 0,/match/839843/matchfacts/chelsea-vs-stoke-city,839843,2010-08-28T12:00:00.000Z
23,Tottenham Hotspur,Tottenham,8586,Wigan Athletic,Wigan,8528,FT,0 - 1,/match/839837/matchfacts/tottenham-hotspur-vs-wigan-athletic,839837,2010-08-28T12:00:00.000Z
24,Wolverhampton Wanderers,Wolves,8602,Newcastle United,Newcastle,10261,FT,01-Jan,/match/839839/matchfacts/wolverhampton-wanderers-vs-newcastle-united,839839,2010-08-28T12:00:00.000Z
25,Manchester United,Man United,10260,West Ham United,West Ham,8654,FT,3 - 0,/match/839834/matchfacts/manchester-united-vs-west-ham-united,839834,2010-08-28T14:30:00.000Z
26,Bolton Wanderers,Bolton,8559,Birmingham City,Birmingham,8658,FT,02-Feb,/match/839841/matchfacts/bolton-wanderers-vs-birmingham-city,839841,2010-08-29T10:30:00.000Z
27,Liverpool,Liverpool,8650,West Bromwich Albion,West Brom,8659,FT,1 - 0,/match/839835/matchfacts/liverpool-vs-west-bromwich-albion,839835,2010-08-29T12:00:00.000Z
28,Sunderland,Sunderland,8472,Manchester City,Man City,8456,FT,1 - 0,/match/839836/matchfacts/sunderland-vs-manchester-city,839836,2010-08-29T12:00:00.000Z
29,Aston Villa,Aston Villa,10252,Everton,Everton,8668,FT,1 - 0,/match/839838/matchfacts/aston-villa-vs-everton,839838,2010-08-29T13:00:00.000Z
30,Everton,Everton,8668,Manchester United,Man United,10260,FT,03-Mar,/match/839846/matchfacts/everton-vs-manchester-united,839846,2010-09-11T09:45:00.000Z
31,Arsenal,Arsenal,9825,Bolton Wanderers,Bolton,8559,FT,04-Jan,/match/839844/matchfacts/arsenal-vs-bolton-wanderers,839844,2010-09-11T12:00:00.000Z
32,Fulham,Fulham,9879,Wolverhampton Wanderers,Wolves,8602,FT,02-Jan,/match/839849/matchfacts/fulham-vs-wolverhampton-wanderers,839849,2010-09-11T12:00:00.000Z
33,Manchester City,Man City,8456,Blackburn Rovers,Blackburn,8655,FT,01-Jan,/match/839848/matchfacts/manchester-city-vs-blackburn-rovers,839848,2010-09-11T12:00:00.000Z
34,Newcastle United,Newcastle,10261,Blackpool,Blackpool,8483,FT,0 - 2,/match/839847/matchfacts/newcastle-united-vs-blackpool,839847,2010-09-11T12:00:00.000Z
35,West Bromwich Albion,West Brom,8659,Tottenham Hotspur,Tottenham,8586,FT,01-Jan,/match/839851/matchfacts/west-bromwich-albion-vs-tottenham-hotspur,839851,2010-09-11T12:00:00.000Z
36,West Ham United,West Ham,8654,Chelsea,Chelsea,8455,FT,01-Mar,/match/839845/matchfacts/west-ham-united-vs-chelsea,839845,2010-09-11T12:00:00.000Z
37,Wigan Athletic,Wigan,8528,Sunderland,Sunderland,8472,FT,01-Jan,/match/839853/matchfacts/wigan-athletic-vs-sunderland,839853,2010-09-11T12:00:00.000Z
38,Birmingham City,Birmingham,8658,Liverpool,Liverpool,8650,FT,0 - 0,/match/839850/matchfacts/birmingham-city-vs-liverpool,839850,2010-09-12T13:00:00.000Z
39,Stoke City,Stoke,10194,Aston Villa,Aston Villa,10252,FT,02-Jan,/match/839852/matchfacts/stoke-city-vs-aston-villa,839852,2010-09-13T17:00:00.000Z
40,Stoke City,Stoke,10194,West Ham United,West Ham,8654,FT,01-Jan,/match/839861/matchfacts/stoke-city-vs-west-ham-united,839861,2010-09-18T09:45:00.000Z
41,Aston Villa,Aston Villa,10252,Bolton Wanderers,Bolton,8559,FT,01-Jan,/match/839857/matchfacts/aston-villa-vs-bolton-wanderers,839857,2010-09-18T12:00:00.000Z
42,Blackburn Rovers,Blackburn,8655,Fulham,Fulham,9879,FT,01-Jan,/match/839859/matchfacts/blackburn-rovers-vs-fulham,839859,2010-09-18T12:00:00.000Z
43,Everton,Everton,8668,Newcastle United,Newcastle,10261,FT,0 - 1,/match/839858/matchfacts/everton-vs-newcastle-united,839858,2010-09-18T12:00:00.000Z
44,Tottenham Hotspur,Tottenham,8586,Wolverhampton Wanderers,Wolves,8602,FT,03-Jan,/match/839856/matchfacts/tottenham-hotspur-vs-wolverhampton-wanderers,839856,2010-09-18T12:00:00.000Z
45,West Bromwich Albion,West Brom,8659,Birmingham City,Birmingham,8658,FT,03-Jan,/match/839860/matchfacts/west-bromwich-albion-vs-birmingham-city,839860,2010-09-18T12:00:00.000Z
46,Sunderland,Sunderland,8472,Arsenal,Arsenal,9825,FT,01-Jan,/match/839855/matchfacts/sunderland-vs-arsenal,839855,2010-09-18T14:30:00.000Z
47,Manchester United,Man United,10260,Liverpool,Liverpool,8650,FT,03-Feb,/match/839854/matchfacts/manchester-united-vs-liverpool,839854,2010-09-19T10:30:00.000Z
48,Wigan Athletic,Wigan,8528,Manchester City,Man City,8456,FT,0 - 2,/match/839862/matchfacts/wigan-athletic-vs-manchester-city,839862,2010-09-19T12:00:00.000Z
49,Chelsea,Chelsea,8455,Blackpool,Blackpool,8483,FT,4 - 0,/match/839863/matchfacts/chelsea-vs-blackpool,839863,2010-09-19T13:00:00.000Z
50,Manchester City,Man City,8456,Chelsea,Chelsea,8455,FT,1 - 0,/match/839868/matchfacts/manchester-city-vs-chelsea,839868,2010-09-25T09:45:00.000Z
51,Arsenal,Arsenal,9825,West Bromwich Albion,West Brom,8659,FT,02-Mar,/match/839864/matchfacts/arsenal-vs-west-bromwich-albion,839864,2010-09-25T12:00:00.000Z
52,Birmingham City,Birmingham,8658,Wigan Athletic,Wigan,8528,FT,0 - 0,/match/839871/matchfacts/birmingham-city-vs-wigan-athletic,839871,2010-09-25T12:00:00.000Z
53,Blackpool,Blackpool,8483,Blackburn Rovers,Blackburn,8655,FT,01-Feb,/match/839873/matchfacts/blackpool-vs-blackburn-rovers,839873,2010-09-25T12:00:00.000Z
54,Fulham,Fulham,9879,Everton,Everton,8668,FT,0 - 0,/match/839870/matchfacts/fulham-vs-everton,839870,2010-09-25T12:00:00.000Z
55,Liverpool,Liverpool,8650,Sunderland,Sunderland,8472,FT,02-Feb,/match/839865/matchfacts/liverpool-vs-sunderland,839865,2010-09-25T12:00:00.000Z
56,West Ham United,West Ham,8654,Tottenham Hotspur,Tottenham,8586,FT,1 - 0,/match/839866/matchfacts/west-ham-united-vs-tottenham-hotspur,839866,2010-09-25T12:00:00.000Z
57,Bolton Wanderers,Bolton,8559,Manchester United,Man United,10260,FT,02-Feb,/match/839872/matchfacts/bolton-wanderers-vs-manchester-united,839872,2010-09-26T09:00:00.000Z
58,Wolverhampton Wanderers,Wolves,8602,Aston Villa,Aston Villa,10252,FT,01-Feb,/match/839869/matchfacts/wolverhampton-wanderers-vs-aston-villa,839869,2010-09-26T11:05:00.000Z
59,Newcastle United,Newcastle,10261,Stoke City,Stoke,10194,FT,01-Feb,/match/839867/matchfacts/newcastle-united-vs-stoke-city,839867,2010-09-26T13:10:00.000Z
60,Wigan Athletic,Wigan,8528,Wolverhampton Wanderers,Wolves,8602,FT,2 - 0,/match/839882/matchfacts/wigan-athletic-vs-wolverhampton-wanderers,839882,2010-10-02T09:45:00.000Z
61,Birmingham City,Birmingham,8658,Everton,Everton,8668,FT,0 - 2,/match/839879/matchfacts/birmingham-city-vs-everton,839879,2010-10-02T12:00:00.000Z
62,Stoke City,Stoke,10194,Blackburn Rovers,Blackburn,8655,FT,1 - 0,/match/839881/matchfacts/stoke-city-vs-blackburn-rovers,839881,2010-10-02T12:00:00.000Z
63,Tottenham Hotspur,Tottenham,8586,Aston Villa,Aston Villa,10252,FT,02-Jan,/match/839876/matchfacts/tottenham-hotspur-vs-aston-villa,839876,2010-10-02T12:00:00.000Z
64,West Bromwich Albion,West Brom,8659,Bolton Wanderers,Bolton,8559,FT,01-Jan,/match/839880/matchfacts/west-bromwich-albion-vs-bolton-wanderers,839880,2010-10-02T12:00:00.000Z
65,West Ham United,West Ham,8654,Fulham,Fulham,9879,FT,01-Jan,/match/839877/matchfacts/west-ham-united-vs-fulham,839877,2010-10-02T12:00:00.000Z
66,Sunderland,Sunderland,8472,Manchester United,Man United,10260,FT,0 - 0,/match/839875/matchfacts/sunderland-vs-manchester-united,839875,2010-10-02T12:15:00.000Z
67,Manchester City,Man City,8456,Newcastle United,Newcastle,10261,FT,02-Jan,/match/839878/matchfacts/manchester-city-vs-newcastle-united,839878,2010-10-03T10:30:00.000Z
68,Liverpool,Liverpool,8650,Blackpool,Blackpool,8483,FT,01-Feb,/match/839874/matchfacts/liverpool-vs-blackpool,839874,2010-10-03T12:00:00.000Z
69,Chelsea,Chelsea,8455,Arsenal,Arsenal,9825,FT,2 - 0,/match/839883/matchfacts/chelsea-vs-arsenal,839883,2010-10-03T13:00:00.000Z
70,Arsenal,Arsenal,9825,Birmingham City,Birmingham,8658,FT,02-Jan,/match/839885/matchfacts/arsenal-vs-birmingham-city,839885,2010-10-16T12:00:00.000Z
71,Bolton Wanderers,Bolton,8559,Stoke City,Stoke,10194,FT,02-Jan,/match/839892/matchfacts/bolton-wanderers-vs-stoke-city,839892,2010-10-16T12:00:00.000Z
72,Fulham,Fulham,9879,Tottenham Hotspur,Tottenham,8586,FT,01-Feb,/match/839891/matchfacts/fulham-vs-tottenham-hotspur,839891,2010-10-16T12:00:00.000Z
73,Manchester United,Man United,10260,West Bromwich Albion,West Brom,8659,FT,02-Feb,/match/839884/matchfacts/manchester-united-vs-west-bromwich-albion,839884,2010-10-16T12:00:00.000Z
74,Newcastle United,Newcastle,10261,Wigan Athletic,Wigan,8528,FT,02-Feb,/match/839888/matchfacts/newcastle-united-vs-wigan-athletic,839888,2010-10-16T12:00:00.000Z
75,Wolverhampton Wanderers,Wolves,8602,West Ham United,West Ham,8654,FT,01-Jan,/match/839889/matchfacts/wolverhampton-wanderers-vs-west-ham-united,839889,2010-10-16T12:00:00.000Z
76,Aston Villa,Aston Villa,10252,Chelsea,Chelsea,8455,FT,0 - 0,/match/839886/matchfacts/aston-villa-vs-chelsea,839886,2010-10-16T14:30:00.000Z
77,Everton,Everton,8668,Liverpool,Liverpool,8650,FT,2 - 0,/match/839887/matchfacts/everton-vs-liverpool,839887,2010-10-17T10:30:00.000Z
78,Blackpool,Blackpool,8483,Manchester City,Man City,8456,FT,02-Mar,/match/839893/matchfacts/blackpool-vs-manchester-city,839893,2010-10-17T13:00:00.000Z
79,Blackburn Rovers,Blackburn,8655,Sunderland,Sunderland,8472,FT,0 - 0,/match/839890/matchfacts/blackburn-rovers-vs-sunderland,839890,2010-10-18T17:00:00.000Z
80,Tottenham Hotspur,Tottenham,8586,Everton,Everton,8668,FT,01-Jan,/match/839896/matchfacts/tottenham-hotspur-vs-everton,839896,2010-10-23T09:45:00.000Z
81,Birmingham City,Birmingham,8658,Blackpool,Blackpool,8483,FT,2 - 0,/match/839899/matchfacts/birmingham-city-vs-blackpool,839899,2010-10-23T12:00:00.000Z
82,Chelsea,Chelsea,8455,Wolverhampton Wanderers,Wolves,8602,FT,2 - 0,/match/839903/matchfacts/chelsea-vs-wolverhampton-wanderers,839903,2010-10-23T12:00:00.000Z
83,Sunderland,Sunderland,8472,Aston Villa,Aston Villa,10252,FT,1 - 0,/match/839895/matchfacts/sunderland-vs-aston-villa,839895,2010-10-23T12:00:00.000Z
84,West Bromwich Albion,West Brom,8659,Fulham,Fulham,9879,FT,02-Jan,/match/839900/matchfacts/west-bromwich-albion-vs-fulham,839900,2010-10-23T12:00:00.000Z
85,Wigan Athletic,Wigan,8528,Bolton Wanderers,Bolton,8559,FT,01-Jan,/match/839902/matchfacts/wigan-athletic-vs-bolton-wanderers,839902,2010-10-23T12:00:00.000Z
86,West Ham United,West Ham,8654,Newcastle United,Newcastle,10261,FT,01-Feb,/match/839897/matchfacts/west-ham-united-vs-newcastle-united,839897,2010-10-23T14:30:00.000Z
87,Stoke City,Stoke,10194,Manchester United,Man United,10260,FT,01-Feb,/match/839901/matchfacts/stoke-city-vs-manchester-united,839901,2010-10-24T10:30:00.000Z
88,Liverpool,Liverpool,8650,Blackburn Rovers,Blackburn,8655,FT,02-Jan,/match/839894/matchfacts/liverpool-vs-blackburn-rovers,839894,2010-10-24T12:00:00.000Z
89,Manchester City,Man City,8456,Arsenal,Arsenal,9825,FT,0 - 3,/match/839898/matchfacts/manchester-city-vs-arsenal,839898,2010-10-24T13:00:00.000Z
90,Arsenal,Arsenal,9825,West Ham United,West Ham,8654,FT,1 - 0,/match/839905/matchfacts/arsenal-vs-west-ham-united,839905,2010-10-30T12:00:00.000Z
91,Blackburn Rovers,Blackburn,8655,Chelsea,Chelsea,8455,FT,01-Feb,/match/839910/matchfacts/blackburn-rovers-vs-chelsea,839910,2010-10-30T12:00:00.000Z
92,Everton,Everton,8668,Stoke City,Stoke,10194,FT,1 - 0,/match/839907/matchfacts/everton-vs-stoke-city,839907,2010-10-30T12:00:00.000Z
93,Fulham,Fulham,9879,Wigan Athletic,Wigan,8528,FT,2 - 0,/match/839911/matchfacts/fulham-vs-wigan-athletic,839911,2010-10-30T12:00:00.000Z
94,Wolverhampton Wanderers,Wolves,8602,Manchester City,Man City,8456,FT,02-Jan,/match/839909/matchfacts/wolverhampton-wanderers-vs-manchester-city,839909,2010-10-30T12:00:00.000Z
95,Manchester United,Man United,10260,Tottenham Hotspur,Tottenham,8586,FT,2 - 0,/match/839904/matchfacts/manchester-united-vs-tottenham-hotspur,839904,2010-10-30T14:30:00.000Z
96,Aston Villa,Aston Villa,10252,Birmingham City,Birmingham,8658,FT,0 - 0,/match/839906/matchfacts/aston-villa-vs-birmingham-city,839906,2010-10-31T11:00:00.000Z
97,Newcastle United,Newcastle,10261,Sunderland,Sunderland,8472,FT,05-Jan,/match/839908/matchfacts/newcastle-united-vs-sunderland,839908,2010-10-31T12:30:00.000Z
98,Bolton Wanderers,Bolton,8559,Liverpool,Liverpool,8650,FT,0 - 1,/match/839912/matchfacts/bolton-wanderers-vs-liverpool,839912,2010-10-31T15:00:00.000Z
99,Blackpool,Blackpool,8483,West Bromwich Albion,West Brom,8659,FT,02-Jan,/match/839913/matchfacts/blackpool-vs-west-bromwich-albion,839913,2010-11-01T19:00:00.000Z
100,Bolton Wanderers,Bolton,8559,Tottenham Hotspur,Tottenham,8586,FT,04-Feb,/match/839921/matchfacts/bolton-wanderers-vs-tottenham-hotspur,839921,2010-11-06T11:45:00.000Z
101,Birmingham City,Birmingham,8658,West Ham United,West Ham,8654,FT,02-Feb,/match/839920/matchfacts/birmingham-city-vs-west-ham-united,839920,2010-11-06T14:00:00.000Z
102,Blackburn Rovers,Blackburn,8655,Wigan Athletic,Wigan,8528,FT,02-Jan,/match/839918/matchfacts/blackburn-rovers-vs-wigan-athletic,839918,2010-11-06T14:00:00.000Z
103,Blackpool,Blackpool,8483,Everton,Everton,8668,FT,02-Feb,/match/839923/matchfacts/blackpool-vs-everton,839923,2010-11-06T14:00:00.000Z
104,Fulham,Fulham,9879,Aston Villa,Aston Villa,10252,FT,01-Jan,/match/839919/matchfacts/fulham-vs-aston-villa,839919,2010-11-06T14:00:00.000Z
105,Manchester United,Man United,10260,Wolverhampton Wanderers,Wolves,8602,FT,02-Jan,/match/839914/matchfacts/manchester-united-vs-wolverhampton-wanderers,839914,2010-11-06T14:00:00.000Z
106,Sunderland,Sunderland,8472,Stoke City,Stoke,10194,FT,2 - 0,/match/839917/matchfacts/sunderland-vs-stoke-city,839917,2010-11-06T14:00:00.000Z
107,Arsenal,Arsenal,9825,Newcastle United,Newcastle,10261,FT,0 - 1,/match/839915/matchfacts/arsenal-vs-newcastle-united,839915,2010-11-07T12:30:00.000Z
108,West Bromwich Albion,West Brom,8659,Manchester City,Man City,8456,FT,0 - 2,/match/839922/matchfacts/west-bromwich-albion-vs-manchester-city,839922,2010-11-07T14:00:00.000Z
109,Liverpool,Liverpool,8650,Chelsea,Chelsea,8455,FT,2 - 0,/match/839916/matchfacts/liverpool-vs-chelsea,839916,2010-11-07T15:00:00.000Z
110,Stoke City,Stoke,10194,Birmingham City,Birmingham,8658,FT,03-Feb,/match/839927/matchfacts/stoke-city-vs-birmingham-city,839927,2010-11-09T18:45:00.000Z
111,Tottenham Hotspur,Tottenham,8586,Sunderland,Sunderland,8472,FT,01-Jan,/match/839924/matchfacts/tottenham-hotspur-vs-sunderland,839924,2010-11-09T19:00:00.000Z
112,Aston Villa,Aston Villa,10252,Blackpool,Blackpool,8483,FT,03-Feb,/match/839929/matchfacts/aston-villa-vs-blackpool,839929,2010-11-10T18:45:00.000Z
113,Chelsea,Chelsea,8455,Fulham,Fulham,9879,FT,1 - 0,/match/839933/matchfacts/chelsea-vs-fulham,839933,2010-11-10T18:45:00.000Z
114,Newcastle United,Newcastle,10261,Blackburn Rovers,Blackburn,8655,FT,01-Feb,/match/839931/matchfacts/newcastle-united-vs-blackburn-rovers,839931,2010-11-10T18:45:00.000Z
115,West Ham United,West Ham,8654,West Bromwich Albion,West Brom,8659,FT,02-Feb,/match/839925/matchfacts/west-ham-united-vs-west-bromwich-albion,839925,2010-11-10T18:45:00.000Z
116,Wigan Athletic,Wigan,8528,Liverpool,Liverpool,8650,FT,01-Jan,/match/839928/matchfacts/wigan-athletic-vs-liverpool,839928,2010-11-10T18:45:00.000Z
117,Wolverhampton Wanderers,Wolves,8602,Arsenal,Arsenal,9825,FT,0 - 2,/match/839926/matchfacts/wolverhampton-wanderers-vs-arsenal,839926,2010-11-10T18:45:00.000Z
118,Everton,Everton,8668,Bolton Wanderers,Bolton,8559,FT,01-Jan,/match/839930/matchfacts/everton-vs-bolton-wanderers,839930,2010-11-10T19:00:00.000Z
119,Manchester City,Man City,8456,Manchester United,Man United,10260,FT,0 - 0,/match/839932/matchfacts/manchester-city-vs-manchester-united,839932,2010-11-10T19:00:00.000Z
120,Aston Villa,Aston Villa,10252,Manchester United,Man United,10260,FT,02-Feb,/match/839936/matchfacts/aston-villa-vs-manchester-united,839936,2010-11-13T11:45:00.000Z
121,Manchester City,Man City,8456,Birmingham City,Birmingham,8658,FT,0 - 0,/match/839939/matchfacts/manchester-city-vs-birmingham-city,839939,2010-11-13T14:00:00.000Z
122,Newcastle United,Newcastle,10261,Fulham,Fulham,9879,FT,0 - 0,/match/839938/matchfacts/newcastle-united-vs-fulham,839938,2010-11-13T14:00:00.000Z
123,Tottenham Hotspur,Tottenham,8586,Blackburn Rovers,Blackburn,8655,FT,04-Feb,/match/839934/matchfacts/tottenham-hotspur-vs-blackburn-rovers,839934,2010-11-13T14:00:00.000Z
124,West Ham United,West Ham,8654,Blackpool,Blackpool,8483,FT,0 - 0,/match/839935/matchfacts/west-ham-united-vs-blackpool,839935,2010-11-13T14:00:00.000Z
125,Wigan Athletic,Wigan,8528,West Bromwich Albion,West Brom,8659,FT,1 - 0,/match/839942/matchfacts/wigan-athletic-vs-west-bromwich-albion,839942,2010-11-13T14:00:00.000Z
126,Wolverhampton Wanderers,Wolves,8602,Bolton Wanderers,Bolton,8559,FT,02-Mar,/match/839940/matchfacts/wolverhampton-wanderers-vs-bolton-wanderers,839940,2010-11-13T14:00:00.000Z
127,Stoke City,Stoke,10194,Liverpool,Liverpool,8650,FT,2 - 0,/match/839941/matchfacts/stoke-city-vs-liverpool,839941,2010-11-13T16:30:00.000Z
128,Everton,Everton,8668,Arsenal,Arsenal,9825,FT,01-Feb,/match/839937/matchfacts/everton-vs-arsenal,839937,2010-11-14T13:00:00.000Z
129,Chelsea,Chelsea,8455,Sunderland,Sunderland,8472,FT,0 - 3,/match/839943/matchfacts/chelsea-vs-sunderland,839943,2010-11-14T15:10:00.000Z
130,Arsenal,Arsenal,9825,Tottenham Hotspur,Tottenham,8586,FT,02-Mar,/match/839945/matchfacts/arsenal-vs-tottenham-hotspur,839945,2010-11-20T11:45:00.000Z
131,Birmingham City,Birmingham,8658,Chelsea,Chelsea,8455,FT,1 - 0,/match/839950/matchfacts/birmingham-city-vs-chelsea,839950,2010-11-20T14:00:00.000Z
132,Blackpool,Blackpool,8483,Wolverhampton Wanderers,Wolves,8602,FT,02-Jan,/match/839953/matchfacts/blackpool-vs-wolverhampton-wanderers,839953,2010-11-20T14:00:00.000Z
133,Bolton Wanderers,Bolton,8559,Newcastle United,Newcastle,10261,FT,05-Jan,/match/839951/matchfacts/bolton-wanderers-vs-newcastle-united,839951,2010-11-20T14:00:00.000Z
134,Manchester United,Man United,10260,Wigan Athletic,Wigan,8528,FT,2 - 0,/match/839944/matchfacts/manchester-united-vs-wigan-athletic,839944,2010-11-20T14:00:00.000Z
135,West Bromwich Albion,West Brom,8659,Stoke City,Stoke,10194,FT,0 - 3,/match/839952/matchfacts/west-bromwich-albion-vs-stoke-city,839952,2010-11-20T14:00:00.000Z
136,Liverpool,Liverpool,8650,West Ham United,West Ham,8654,FT,3 - 0,/match/839946/matchfacts/liverpool-vs-west-ham-united,839946,2010-11-20T16:30:00.000Z
137,Blackburn Rovers,Blackburn,8655,Aston Villa,Aston Villa,10252,FT,2 - 0,/match/839948/matchfacts/blackburn-rovers-vs-aston-villa,839948,2010-11-21T12:30:00.000Z
138,Fulham,Fulham,9879,Manchester City,Man City,8456,FT,01-Apr,/match/839949/matchfacts/fulham-vs-manchester-city,839949,2010-11-21T15:00:00.000Z
139,Sunderland,Sunderland,8472,Everton,Everton,8668,FT,02-Feb,/match/839947/matchfacts/sunderland-vs-everton,839947,2010-11-22T19:00:00.000Z
140,Aston Villa,Aston Villa,10252,Arsenal,Arsenal,9825,FT,02-Apr,/match/839957/matchfacts/aston-villa-vs-arsenal,839957,2010-11-27T11:45:00.000Z
141,Bolton Wanderers,Bolton,8559,Blackpool,Blackpool,8483,FT,02-Feb,/match/839962/matchfacts/bolton-wanderers-vs-blackpool,839962,2010-11-27T14:00:00.000Z
142,Everton,Everton,8668,West Bromwich Albion,West Brom,8659,FT,01-Apr,/match/839958/matchfacts/everton-vs-west-bromwich-albion,839958,2010-11-27T14:00:00.000Z
143,Fulham,Fulham,9879,Birmingham City,Birmingham,8658,FT,01-Jan,/match/839961/matchfacts/fulham-vs-birmingham-city,839961,2010-11-27T14:00:00.000Z
144,Manchester United,Man United,10260,Blackburn Rovers,Blackburn,8655,FT,07-Jan,/match/839954/matchfacts/manchester-united-vs-blackburn-rovers,839954,2010-11-27T14:00:00.000Z
145,Stoke City,Stoke,10194,Manchester City,Man City,8456,FT,01-Jan,/match/839963/matchfacts/stoke-city-vs-manchester-city,839963,2010-11-27T14:00:00.000Z
146,West Ham United,West Ham,8654,Wigan Athletic,Wigan,8528,FT,03-Jan,/match/839956/matchfacts/west-ham-united-vs-wigan-athletic,839956,2010-11-27T14:00:00.000Z
147,Wolverhampton Wanderers,Wolves,8602,Sunderland,Sunderland,8472,FT,03-Feb,/match/839960/matchfacts/wolverhampton-wanderers-vs-sunderland,839960,2010-11-27T14:00:00.000Z
148,Newcastle United,Newcastle,10261,Chelsea,Chelsea,8455,FT,01-Jan,/match/839959/matchfacts/newcastle-united-vs-chelsea,839959,2010-11-28T12:30:00.000Z
149,Tottenham Hotspur,Tottenham,8586,Liverpool,Liverpool,8650,FT,02-Jan,/match/839955/matchfacts/tottenham-hotspur-vs-liverpool,839955,2010-11-28T15:00:00.000Z
150,Arsenal,Arsenal,9825,Fulham,Fulham,9879,FT,02-Jan,/match/839964/matchfacts/arsenal-vs-fulham,839964,2010-12-04T14:00:00.000Z
151,Birmingham City,Birmingham,8658,Tottenham Hotspur,Tottenham,8586,FT,01-Jan,/match/839969/matchfacts/birmingham-city-vs-tottenham-hotspur,839969,2010-12-04T14:00:00.000Z
152,Blackburn Rovers,Blackburn,8655,Wolverhampton Wanderers,Wolves,8602,FT,3 - 0,/match/839968/matchfacts/blackburn-rovers-vs-wolverhampton-wanderers,839968,2010-12-04T14:00:00.000Z
153,Chelsea,Chelsea,8455,Everton,Everton,8668,FT,01-Jan,/match/839973/matchfacts/chelsea-vs-everton,839973,2010-12-04T14:00:00.000Z
154,Manchester City,Man City,8456,Bolton Wanderers,Bolton,8559,FT,1 - 0,/match/839967/matchfacts/manchester-city-vs-bolton-wanderers,839967,2010-12-04T14:00:00.000Z
155,Wigan Athletic,Wigan,8528,Stoke City,Stoke,10194,FT,02-Feb,/match/839972/matchfacts/wigan-athletic-vs-stoke-city,839972,2010-12-04T14:00:00.000Z
156,West Bromwich Albion,West Brom,8659,Newcastle United,Newcastle,10261,FT,03-Jan,/match/839970/matchfacts/west-bromwich-albion-vs-newcastle-united,839970,2010-12-05T12:30:00.000Z
157,Sunderland,Sunderland,8472,West Ham United,West Ham,8654,FT,1 - 0,/match/839966/matchfacts/sunderland-vs-west-ham-united,839966,2010-12-05T15:00:00.000Z
158,Liverpool,Liverpool,8650,Aston Villa,Aston Villa,10252,FT,3 - 0,/match/839965/matchfacts/liverpool-vs-aston-villa,839965,2010-12-06T19:00:00.000Z
159,Aston Villa,Aston Villa,10252,West Bromwich Albion,West Brom,8659,FT,02-Jan,/match/839977/matchfacts/aston-villa-vs-west-bromwich-albion,839977,2010-12-11T14:00:00.000Z
160,Everton,Everton,8668,Wigan Athletic,Wigan,8528,FT,0 - 0,/match/839978/matchfacts/everton-vs-wigan-athletic,839978,2010-12-11T14:00:00.000Z
161,Fulham,Fulham,9879,Sunderland,Sunderland,8472,FT,0 - 0,/match/839981/matchfacts/fulham-vs-sunderland,839981,2010-12-11T14:00:00.000Z
162,Stoke City,Stoke,10194,Blackpool,Blackpool,8483,FT,0 - 1,/match/839983/matchfacts/stoke-city-vs-blackpool,839983,2010-12-11T14:00:00.000Z
163,West Ham United,West Ham,8654,Manchester City,Man City,8456,FT,01-Mar,/match/839976/matchfacts/west-ham-united-vs-manchester-city,839976,2010-12-11T14:00:00.000Z
164,Newcastle United,Newcastle,10261,Liverpool,Liverpool,8650,FT,03-Jan,/match/839979/matchfacts/newcastle-united-vs-liverpool,839979,2010-12-11T16:30:00.000Z
165,Bolton Wanderers,Bolton,8559,Blackburn Rovers,Blackburn,8655,FT,02-Jan,/match/839982/matchfacts/bolton-wanderers-vs-blackburn-rovers,839982,2010-12-12T12:30:00.000Z
166,Wolverhampton Wanderers,Wolves,8602,Birmingham City,Birmingham,8658,FT,1 - 0,/match/839980/matchfacts/wolverhampton-wanderers-vs-birmingham-city,839980,2010-12-12T12:30:00.000Z
167,Tottenham Hotspur,Tottenham,8586,Chelsea,Chelsea,8455,FT,01-Jan,/match/839975/matchfacts/tottenham-hotspur-vs-chelsea,839975,2010-12-12T15:00:00.000Z
168,Manchester United,Man United,10260,Arsenal,Arsenal,9825,FT,1 - 0,/match/839974/matchfacts/manchester-united-vs-arsenal,839974,2010-12-13T19:00:00.000Z
169,Sunderland,Sunderland,8472,Bolton Wanderers,Bolton,8559,FT,1 - 0,/match/839986/matchfacts/sunderland-vs-bolton-wanderers,839986,2010-12-18T11:45:00.000Z
170,Blackburn Rovers,Blackburn,8655,West Ham United,West Ham,8654,FT,01-Jan,/match/839988/matchfacts/blackburn-rovers-vs-west-ham-united,839988,2010-12-18T14:00:00.000Z
171,Manchester City,Man City,8456,Everton,Everton,8668,FT,01-Feb,/match/839987/matchfacts/manchester-city-vs-everton,839987,2010-12-20T19:00:00.000Z
172,Fulham,Fulham,9879,West Ham United,West Ham,8654,FT,01-Mar,/match/840001/matchfacts/fulham-vs-west-ham-united,840001,2010-12-26T11:00:00.000Z
173,Blackburn Rovers,Blackburn,8655,Stoke City,Stoke,10194,FT,0 - 2,/match/840000/matchfacts/blackburn-rovers-vs-stoke-city,840000,2010-12-26T14:00:00.000Z
174,Bolton Wanderers,Bolton,8559,West Bromwich Albion,West Brom,8659,FT,2 - 0,/match/840002/matchfacts/bolton-wanderers-vs-west-bromwich-albion,840002,2010-12-26T14:00:00.000Z
175,Manchester United,Man United,10260,Sunderland,Sunderland,8472,FT,2 - 0,/match/839994/matchfacts/manchester-united-vs-sunderland,839994,2010-12-26T14:00:00.000Z
176,Newcastle United,Newcastle,10261,Manchester City,Man City,8456,FT,01-Mar,/match/839998/matchfacts/newcastle-united-vs-manchester-city,839998,2010-12-26T14:00:00.000Z
177,Wolverhampton Wanderers,Wolves,8602,Wigan Athletic,Wigan,8528,FT,01-Feb,/match/839999/matchfacts/wolverhampton-wanderers-vs-wigan-athletic,839999,2010-12-26T14:00:00.000Z
178,Aston Villa,Aston Villa,10252,Tottenham Hotspur,Tottenham,8586,FT,01-Feb,/match/839996/matchfacts/aston-villa-vs-tottenham-hotspur,839996,2010-12-26T16:30:00.000Z
179,Arsenal,Arsenal,9825,Chelsea,Chelsea,8455,FT,03-Jan,/match/839995/matchfacts/arsenal-vs-chelsea,839995,2010-12-27T19:00:00.000Z
180,Manchester City,Man City,8456,Aston Villa,Aston Villa,10252,FT,4 - 0,/match/840008/matchfacts/manchester-city-vs-aston-villa,840008,2010-12-28T14:00:00.000Z
181,Stoke City,Stoke,10194,Fulham,Fulham,9879,FT,0 - 2,/match/840011/matchfacts/stoke-city-vs-fulham,840011,2010-12-28T14:00:00.000Z
182,Sunderland,Sunderland,8472,Blackpool,Blackpool,8483,FT,0 - 2,/match/840005/matchfacts/sunderland-vs-blackpool,840005,2010-12-28T14:00:00.000Z
183,Tottenham Hotspur,Tottenham,8586,Newcastle United,Newcastle,10261,FT,2 - 0,/match/840006/matchfacts/tottenham-hotspur-vs-newcastle-united,840006,2010-12-28T14:00:00.000Z
184,West Bromwich Albion,West Brom,8659,Blackburn Rovers,Blackburn,8655,FT,01-Mar,/match/840010/matchfacts/west-bromwich-albion-vs-blackburn-rovers,840010,2010-12-28T14:00:00.000Z
185,West Ham United,West Ham,8654,Everton,Everton,8668,FT,01-Jan,/match/840007/matchfacts/west-ham-united-vs-everton,840007,2010-12-28T16:30:00.000Z
186,Birmingham City,Birmingham,8658,Manchester United,Man United,10260,FT,01-Jan,/match/840009/matchfacts/birmingham-city-vs-manchester-united,840009,2010-12-28T19:00:00.000Z
187,Chelsea,Chelsea,8455,Bolton Wanderers,Bolton,8559,FT,1 - 0,/match/840013/matchfacts/chelsea-vs-bolton-wanderers,840013,2010-12-29T18:45:00.000Z
188,Wigan Athletic,Wigan,8528,Arsenal,Arsenal,9825,FT,02-Feb,/match/840012/matchfacts/wigan-athletic-vs-arsenal,840012,2010-12-29T18:45:00.000Z
189,Liverpool,Liverpool,8650,Wolverhampton Wanderers,Wolves,8602,FT,0 - 1,/match/840004/matchfacts/liverpool-vs-wolverhampton-wanderers,840004,2010-12-29T19:00:00.000Z
190,West Bromwich Albion,West Brom,8659,Manchester United,Man United,10260,FT,01-Feb,/match/840061/matchfacts/west-bromwich-albion-vs-manchester-united,840061,2011-01-01T11:45:00.000Z
191,Liverpool,Liverpool,8650,Bolton Wanderers,Bolton,8559,FT,02-Jan,/match/840055/matchfacts/liverpool-vs-bolton-wanderers,840055,2011-01-01T14:00:00.000Z
192,Manchester City,Man City,8456,Blackpool,Blackpool,8483,FT,1 - 0,/match/840059/matchfacts/manchester-city-vs-blackpool,840059,2011-01-01T14:00:00.000Z
193,Stoke City,Stoke,10194,Everton,Everton,8668,FT,2 - 0,/match/840062/matchfacts/stoke-city-vs-everton,840062,2011-01-01T14:00:00.000Z
194,Sunderland,Sunderland,8472,Blackburn Rovers,Blackburn,8655,FT,3 - 0,/match/840056/matchfacts/sunderland-vs-blackburn-rovers,840056,2011-01-01T14:00:00.000Z
195,Tottenham Hotspur,Tottenham,8586,Fulham,Fulham,9879,FT,1 - 0,/match/840057/matchfacts/tottenham-hotspur-vs-fulham,840057,2011-01-01T14:00:00.000Z
196,West Ham United,West Ham,8654,Wolverhampton Wanderers,Wolves,8602,FT,2 - 0,/match/840058/matchfacts/west-ham-united-vs-wolverhampton-wanderers,840058,2011-01-01T14:00:00.000Z
197,Birmingham City,Birmingham,8658,Arsenal,Arsenal,9825,FT,0 - 3,/match/840060/matchfacts/birmingham-city-vs-arsenal,840060,2011-01-01T16:30:00.000Z
198,Chelsea,Chelsea,8455,Aston Villa,Aston Villa,10252,FT,03-Mar,/match/840064/matchfacts/chelsea-vs-aston-villa,840064,2011-01-02T12:30:00.000Z
199,Wigan Athletic,Wigan,8528,Newcastle United,Newcastle,10261,FT,0 - 1,/match/840063/matchfacts/wigan-athletic-vs-newcastle-united,840063,2011-01-02T15:00:00.000Z
200,Blackpool,Blackpool,8483,Birmingham City,Birmingham,8658,FT,01-Feb,/match/840069/matchfacts/blackpool-vs-birmingham-city,840069,2011-01-04T19:00:00.000Z
201,Fulham,Fulham,9879,West Bromwich Albion,West Brom,8659,FT,3 - 0,/match/840074/matchfacts/fulham-vs-west-bromwich-albion,840074,2011-01-04T19:00:00.000Z
202,Manchester United,Man United,10260,Stoke City,Stoke,10194,FT,02-Jan,/match/840065/matchfacts/manchester-united-vs-stoke-city,840065,2011-01-04T19:00:00.000Z
203,Arsenal,Arsenal,9825,Manchester City,Man City,8456,FT,0 - 0,/match/840066/matchfacts/arsenal-vs-manchester-city,840066,2011-01-05T18:45:00.000Z
204,Aston Villa,Aston Villa,10252,Sunderland,Sunderland,8472,FT,0 - 1,/match/840070/matchfacts/aston-villa-vs-sunderland,840070,2011-01-05T18:45:00.000Z
205,Newcastle United,Newcastle,10261,West Ham United,West Ham,8654,FT,5 - 0,/match/840072/matchfacts/newcastle-united-vs-west-ham-united,840072,2011-01-05T18:45:00.000Z
206,Wolverhampton Wanderers,Wolves,8602,Chelsea,Chelsea,8455,FT,1 - 0,/match/840067/matchfacts/wolverhampton-wanderers-vs-chelsea,840067,2011-01-05T18:45:00.000Z
207,Blackburn Rovers,Blackburn,8655,Liverpool,Liverpool,8650,FT,03-Jan,/match/840073/matchfacts/blackburn-rovers-vs-liverpool,840073,2011-01-05T19:00:00.000Z
208,Bolton Wanderers,Bolton,8559,Wigan Athletic,Wigan,8528,FT,01-Jan,/match/840068/matchfacts/bolton-wanderers-vs-wigan-athletic,840068,2011-01-05T19:00:00.000Z
209,Everton,Everton,8668,Tottenham Hotspur,Tottenham,8586,FT,02-Jan,/match/840071/matchfacts/everton-vs-tottenham-hotspur,840071,2011-01-05T19:00:00.000Z
210,Blackpool,Blackpool,8483,Liverpool,Liverpool,8650,FT,02-Jan,/match/840003/matchfacts/blackpool-vs-liverpool,840003,2011-01-12T19:00:00.000Z
211,Chelsea,Chelsea,8455,Blackburn Rovers,Blackburn,8655,FT,2 - 0,/match/840084/matchfacts/chelsea-vs-blackburn-rovers,840084,2011-01-15T14:00:00.000Z
212,Manchester City,Man City,8456,Wolverhampton Wanderers,Wolves,8602,FT,04-Mar,/match/840079/matchfacts/manchester-city-vs-wolverhampton-wanderers,840079,2011-01-15T14:00:00.000Z
213,Stoke City,Stoke,10194,Bolton Wanderers,Bolton,8559,FT,2 - 0,/match/840082/matchfacts/stoke-city-vs-bolton-wanderers,840082,2011-01-15T14:00:00.000Z
214,West Bromwich Albion,West Brom,8659,Blackpool,Blackpool,8483,FT,03-Feb,/match/840081/matchfacts/west-bromwich-albion-vs-blackpool,840081,2011-01-15T14:00:00.000Z
215,Wigan Athletic,Wigan,8528,Fulham,Fulham,9879,FT,01-Jan,/match/840083/matchfacts/wigan-athletic-vs-fulham,840083,2011-01-15T14:00:00.000Z
216,West Ham United,West Ham,8654,Arsenal,Arsenal,9825,FT,0 - 3,/match/840078/matchfacts/west-ham-united-vs-arsenal,840078,2011-01-15T16:30:00.000Z
217,Birmingham City,Birmingham,8658,Aston Villa,Aston Villa,10252,FT,01-Jan,/match/840080/matchfacts/birmingham-city-vs-aston-villa,840080,2011-01-16T11:00:00.000Z
218,Sunderland,Sunderland,8472,Newcastle United,Newcastle,10261,FT,01-Jan,/match/840076/matchfacts/sunderland-vs-newcastle-united,840076,2011-01-16T11:00:00.000Z
219,Liverpool,Liverpool,8650,Everton,Everton,8668,FT,02-Feb,/match/840075/matchfacts/liverpool-vs-everton,840075,2011-01-16T13:05:00.000Z
220,Tottenham Hotspur,Tottenham,8586,Manchester United,Man United,10260,FT,0 - 0,/match/840077/matchfacts/tottenham-hotspur-vs-manchester-united,840077,2011-01-16T15:10:00.000Z
221,Wolverhampton Wanderers,Wolves,8602,Liverpool,Liverpool,8650,FT,0 - 3,/match/840090/matchfacts/wolverhampton-wanderers-vs-liverpool,840090,2011-01-22T11:45:00.000Z
222,Arsenal,Arsenal,9825,Wigan Athletic,Wigan,8528,FT,3 - 0,/match/840086/matchfacts/arsenal-vs-wigan-athletic,840086,2011-01-22T14:00:00.000Z
223,Blackpool,Blackpool,8483,Sunderland,Sunderland,8472,FT,01-Feb,/match/840094/matchfacts/blackpool-vs-sunderland,840094,2011-01-22T14:00:00.000Z
224,Everton,Everton,8668,West Ham United,West Ham,8654,FT,02-Feb,/match/840088/matchfacts/everton-vs-west-ham-united,840088,2011-01-22T14:00:00.000Z
225,Fulham,Fulham,9879,Stoke City,Stoke,10194,FT,2 - 0,/match/840092/matchfacts/fulham-vs-stoke-city,840092,2011-01-22T14:00:00.000Z
226,Manchester United,Man United,10260,Birmingham City,Birmingham,8658,FT,5 - 0,/match/840085/matchfacts/manchester-united-vs-birmingham-city,840085,2011-01-22T14:00:00.000Z
227,Newcastle United,Newcastle,10261,Tottenham Hotspur,Tottenham,8586,FT,01-Jan,/match/840089/matchfacts/newcastle-united-vs-tottenham-hotspur,840089,2011-01-22T14:00:00.000Z
228,Aston Villa,Aston Villa,10252,Manchester City,Man City,8456,FT,1 - 0,/match/840087/matchfacts/aston-villa-vs-manchester-city,840087,2011-01-22T16:30:00.000Z
229,Blackburn Rovers,Blackburn,8655,West Bromwich Albion,West Brom,8659,FT,2 - 0,/match/840091/matchfacts/blackburn-rovers-vs-west-bromwich-albion,840091,2011-01-23T15:00:00.000Z
230,Bolton Wanderers,Bolton,8559,Chelsea,Chelsea,8455,FT,0 - 4,/match/840093/matchfacts/bolton-wanderers-vs-chelsea,840093,2011-01-24T19:00:00.000Z
231,Blackpool,Blackpool,8483,Manchester United,Man United,10260,FT,02-Mar,/match/839971/matchfacts/blackpool-vs-manchester-united,839971,2011-01-25T18:30:00.000Z
232,Wigan Athletic,Wigan,8528,Aston Villa,Aston Villa,10252,FT,01-Feb,/match/839992/matchfacts/wigan-athletic-vs-aston-villa,839992,2011-01-25T18:45:00.000Z
233,Liverpool,Liverpool,8650,Fulham,Fulham,9879,FT,1 - 0,/match/839985/matchfacts/liverpool-vs-fulham,839985,2011-01-26T19:00:00.000Z
234,Arsenal,Arsenal,9825,Everton,Everton,8668,FT,02-Jan,/match/840096/matchfacts/arsenal-vs-everton,840096,2011-02-01T18:45:00.000Z
235,Sunderland,Sunderland,8472,Chelsea,Chelsea,8455,FT,02-Apr,/match/840097/matchfacts/sunderland-vs-chelsea,840097,2011-02-01T18:45:00.000Z
236,Manchester United,Man United,10260,Aston Villa,Aston Villa,10252,FT,03-Jan,/match/840095/matchfacts/manchester-united-vs-aston-villa,840095,2011-02-01T19:00:00.000Z
237,West Bromwich Albion,West Brom,8659,Wigan Athletic,Wigan,8528,FT,02-Feb,/match/840100/matchfacts/west-bromwich-albion-vs-wigan-athletic,840100,2011-02-01T19:00:00.000Z
238,Birmingham City,Birmingham,8658,Manchester City,Man City,8456,FT,02-Feb,/match/840098/matchfacts/birmingham-city-vs-manchester-city,840098,2011-02-02T18:45:00.000Z
239,Blackburn Rovers,Blackburn,8655,Tottenham Hotspur,Tottenham,8586,FT,0 - 1,/match/840103/matchfacts/blackburn-rovers-vs-tottenham-hotspur,840103,2011-02-02T19:00:00.000Z
240,Blackpool,Blackpool,8483,West Ham United,West Ham,8654,FT,01-Mar,/match/840101/matchfacts/blackpool-vs-west-ham-united,840101,2011-02-02T19:00:00.000Z
241,Bolton Wanderers,Bolton,8559,Wolverhampton Wanderers,Wolves,8602,FT,1 - 0,/match/840099/matchfacts/bolton-wanderers-vs-wolverhampton-wanderers,840099,2011-02-02T19:00:00.000Z
242,Fulham,Fulham,9879,Newcastle United,Newcastle,10261,FT,1 - 0,/match/840104/matchfacts/fulham-vs-newcastle-united,840104,2011-02-02T19:00:00.000Z
243,Liverpool,Liverpool,8650,Stoke City,Stoke,10194,FT,2 - 0,/match/840102/matchfacts/liverpool-vs-stoke-city,840102,2011-02-02T19:00:00.000Z
244,Stoke City,Stoke,10194,Sunderland,Sunderland,8472,FT,03-Feb,/match/840112/matchfacts/stoke-city-vs-sunderland,840112,2011-02-05T11:45:00.000Z
245,Aston Villa,Aston Villa,10252,Fulham,Fulham,9879,FT,02-Feb,/match/840107/matchfacts/aston-villa-vs-fulham,840107,2011-02-05T14:00:00.000Z
246,Everton,Everton,8668,Blackpool,Blackpool,8483,FT,05-Mar,/match/840108/matchfacts/everton-vs-blackpool,840108,2011-02-05T14:00:00.000Z
247,Manchester City,Man City,8456,West Bromwich Albion,West Brom,8659,FT,3 - 0,/match/840110/matchfacts/manchester-city-vs-west-bromwich-albion,840110,2011-02-05T14:00:00.000Z
248,Newcastle United,Newcastle,10261,Arsenal,Arsenal,9825,FT,04-Apr,/match/840109/matchfacts/newcastle-united-vs-arsenal,840109,2011-02-05T14:00:00.000Z
249,Tottenham Hotspur,Tottenham,8586,Bolton Wanderers,Bolton,8559,FT,02-Jan,/match/840105/matchfacts/tottenham-hotspur-vs-bolton-wanderers,840105,2011-02-05T14:00:00.000Z
250,Wigan Athletic,Wigan,8528,Blackburn Rovers,Blackburn,8655,FT,04-Mar,/match/840113/matchfacts/wigan-athletic-vs-blackburn-rovers,840113,2011-02-05T14:00:00.000Z
251,Wolverhampton Wanderers,Wolves,8602,Manchester United,Man United,10260,FT,02-Jan,/match/840111/matchfacts/wolverhampton-wanderers-vs-manchester-united,840111,2011-02-05T16:30:00.000Z
252,West Ham United,West Ham,8654,Birmingham City,Birmingham,8658,FT,0 - 1,/match/840106/matchfacts/west-ham-united-vs-birmingham-city,840106,2011-02-06T12:30:00.000Z
253,Chelsea,Chelsea,8455,Liverpool,Liverpool,8650,FT,0 - 1,/match/840114/matchfacts/chelsea-vs-liverpool,840114,2011-02-06T15:00:00.000Z
254,Manchester United,Man United,10260,Manchester City,Man City,8456,FT,02-Jan,/match/840115/matchfacts/manchester-united-vs-manchester-city,840115,2011-02-12T11:45:00.000Z
255,Arsenal,Arsenal,9825,Wolverhampton Wanderers,Wolves,8602,FT,2 - 0,/match/840116/matchfacts/arsenal-vs-wolverhampton-wanderers,840116,2011-02-12T14:00:00.000Z
256,Birmingham City,Birmingham,8658,Stoke City,Stoke,10194,FT,1 - 0,/match/840121/matchfacts/birmingham-city-vs-stoke-city,840121,2011-02-12T14:00:00.000Z
257,Blackburn Rovers,Blackburn,8655,Newcastle United,Newcastle,10261,FT,0 - 0,/match/840119/matchfacts/blackburn-rovers-vs-newcastle-united,840119,2011-02-12T14:00:00.000Z
258,Blackpool,Blackpool,8483,Aston Villa,Aston Villa,10252,FT,01-Jan,/match/840124/matchfacts/blackpool-vs-aston-villa,840124,2011-02-12T14:00:00.000Z
259,Liverpool,Liverpool,8650,Wigan Athletic,Wigan,8528,FT,01-Jan,/match/840117/matchfacts/liverpool-vs-wigan-athletic,840117,2011-02-12T14:00:00.000Z
260,West Bromwich Albion,West Brom,8659,West Ham United,West Ham,8654,FT,03-Mar,/match/840123/matchfacts/west-bromwich-albion-vs-west-ham-united,840123,2011-02-12T14:00:00.000Z
261,Sunderland,Sunderland,8472,Tottenham Hotspur,Tottenham,8586,FT,01-Feb,/match/840118/matchfacts/sunderland-vs-tottenham-hotspur,840118,2011-02-12T16:30:00.000Z
262,Bolton Wanderers,Bolton,8559,Everton,Everton,8668,FT,2 - 0,/match/840122/matchfacts/bolton-wanderers-vs-everton,840122,2011-02-13T15:00:00.000Z
263,Fulham,Fulham,9879,Chelsea,Chelsea,8455,FT,0 - 0,/match/840120/matchfacts/fulham-vs-chelsea,840120,2011-02-14T19:00:00.000Z
264,Birmingham City,Birmingham,8658,Newcastle United,Newcastle,10261,FT,0 - 2,/match/839989/matchfacts/birmingham-city-vs-newcastle-united,839989,2011-02-15T18:45:00.000Z
265,West Bromwich Albion,West Brom,8659,Wolverhampton Wanderers,Wolves,8602,FT,01-Jan,/match/839990/matchfacts/west-bromwich-albion-vs-wolverhampton-wanderers,839990,2011-02-20T11:00:00.000Z
266,Blackpool,Blackpool,8483,Tottenham Hotspur,Tottenham,8586,FT,03-Jan,/match/839991/matchfacts/blackpool-vs-tottenham-hotspur,839991,2011-02-22T19:00:00.000Z
267,Arsenal,Arsenal,9825,Stoke City,Stoke,10194,FT,1 - 0,/match/839984/matchfacts/arsenal-vs-stoke-city,839984,2011-02-23T18:45:00.000Z
268,Aston Villa,Aston Villa,10252,Blackburn Rovers,Blackburn,8655,FT,04-Jan,/match/840127/matchfacts/aston-villa-vs-blackburn-rovers,840127,2011-02-26T14:00:00.000Z
269,Everton,Everton,8668,Sunderland,Sunderland,8472,FT,2 - 0,/match/840128/matchfacts/everton-vs-sunderland,840128,2011-02-26T14:00:00.000Z
270,Newcastle United,Newcastle,10261,Bolton Wanderers,Bolton,8559,FT,01-Jan,/match/840129/matchfacts/newcastle-united-vs-bolton-wanderers,840129,2011-02-26T14:00:00.000Z
271,Wigan Athletic,Wigan,8528,Manchester United,Man United,10260,FT,0 - 4,/match/840133/matchfacts/wigan-athletic-vs-manchester-united,840133,2011-02-26T14:00:00.000Z
272,Wolverhampton Wanderers,Wolves,8602,Blackpool,Blackpool,8483,FT,4 - 0,/match/840131/matchfacts/wolverhampton-wanderers-vs-blackpool,840131,2011-02-26T14:00:00.000Z
273,West Ham United,West Ham,8654,Liverpool,Liverpool,8650,FT,03-Jan,/match/840126/matchfacts/west-ham-united-vs-liverpool,840126,2011-02-27T12:30:00.000Z
274,Manchester City,Man City,8456,Fulham,Fulham,9879,FT,01-Jan,/match/840130/matchfacts/manchester-city-vs-fulham,840130,2011-02-27T14:00:00.000Z
275,Stoke City,Stoke,10194,West Bromwich Albion,West Brom,8659,FT,01-Jan,/match/840132/matchfacts/stoke-city-vs-west-bromwich-albion,840132,2011-02-28T19:00:00.000Z
276,Chelsea,Chelsea,8455,Manchester United,Man United,10260,FT,02-Jan,/match/839993/matchfacts/chelsea-vs-manchester-united,839993,2011-03-01T18:45:00.000Z
277,Birmingham City,Birmingham,8658,West Bromwich Albion,West Brom,8659,FT,01-Mar,/match/840142/matchfacts/birmingham-city-vs-west-bromwich-albion,840142,2011-03-05T11:45:00.000Z
278,Arsenal,Arsenal,9825,Sunderland,Sunderland,8472,FT,0 - 0,/match/840135/matchfacts/arsenal-vs-sunderland,840135,2011-03-05T14:00:00.000Z
279,Bolton Wanderers,Bolton,8559,Aston Villa,Aston Villa,10252,FT,03-Feb,/match/840143/matchfacts/bolton-wanderers-vs-aston-villa,840143,2011-03-05T14:00:00.000Z
280,Fulham,Fulham,9879,Blackburn Rovers,Blackburn,8655,FT,03-Feb,/match/840141/matchfacts/fulham-vs-blackburn-rovers,840141,2011-03-05T14:00:00.000Z
281,Newcastle United,Newcastle,10261,Everton,Everton,8668,FT,01-Feb,/match/840138/matchfacts/newcastle-united-vs-everton,840138,2011-03-05T14:00:00.000Z
282,West Ham United,West Ham,8654,Stoke City,Stoke,10194,FT,3 - 0,/match/840137/matchfacts/west-ham-united-vs-stoke-city,840137,2011-03-05T14:00:00.000Z
283,Manchester City,Man City,8456,Wigan Athletic,Wigan,8528,FT,1 - 0,/match/840139/matchfacts/manchester-city-vs-wigan-athletic,840139,2011-03-05T16:30:00.000Z
284,Liverpool,Liverpool,8650,Manchester United,Man United,10260,FT,03-Jan,/match/840136/matchfacts/liverpool-vs-manchester-united,840136,2011-03-06T12:30:00.000Z
285,Wolverhampton Wanderers,Wolves,8602,Tottenham Hotspur,Tottenham,8586,FT,03-Mar,/match/840140/matchfacts/wolverhampton-wanderers-vs-tottenham-hotspur,840140,2011-03-06T15:00:00.000Z
286,Blackpool,Blackpool,8483,Chelsea,Chelsea,8455,FT,01-Mar,/match/840144/matchfacts/blackpool-vs-chelsea,840144,2011-03-07T19:00:00.000Z
287,Everton,Everton,8668,Birmingham City,Birmingham,8658,FT,01-Jan,/match/839997/matchfacts/everton-vs-birmingham-city,839997,2011-03-09T19:00:00.000Z
288,Tottenham Hotspur,Tottenham,8586,West Ham United,West Ham,8654,FT,0 - 0,/match/840147/matchfacts/tottenham-hotspur-vs-west-ham-united,840147,2011-03-19T11:45:00.000Z
289,Aston Villa,Aston Villa,10252,Wolverhampton Wanderers,Wolves,8602,FT,0 - 1,/match/840148/matchfacts/aston-villa-vs-wolverhampton-wanderers,840148,2011-03-19T14:00:00.000Z
290,Blackburn Rovers,Blackburn,8655,Blackpool,Blackpool,8483,FT,02-Feb,/match/840150/matchfacts/blackburn-rovers-vs-blackpool,840150,2011-03-19T14:00:00.000Z
291,Manchester United,Man United,10260,Bolton Wanderers,Bolton,8559,FT,1 - 0,/match/840145/matchfacts/manchester-united-vs-bolton-wanderers,840145,2011-03-19T14:00:00.000Z
292,Stoke City,Stoke,10194,Newcastle United,Newcastle,10261,FT,4 - 0,/match/840152/matchfacts/stoke-city-vs-newcastle-united,840152,2011-03-19T14:00:00.000Z
293,West Bromwich Albion,West Brom,8659,Arsenal,Arsenal,9825,FT,02-Feb,/match/840151/matchfacts/west-bromwich-albion-vs-arsenal,840151,2011-03-19T14:00:00.000Z
294,Wigan Athletic,Wigan,8528,Birmingham City,Birmingham,8658,FT,02-Jan,/match/840153/matchfacts/wigan-athletic-vs-birmingham-city,840153,2011-03-19T14:00:00.000Z
295,Everton,Everton,8668,Fulham,Fulham,9879,FT,02-Jan,/match/840149/matchfacts/everton-vs-fulham,840149,2011-03-19T16:30:00.000Z
296,Sunderland,Sunderland,8472,Liverpool,Liverpool,8650,FT,0 - 2,/match/840146/matchfacts/sunderland-vs-liverpool,840146,2011-03-20T12:30:00.000Z
297,Chelsea,Chelsea,8455,Manchester City,Man City,8456,FT,2 - 0,/match/840154/matchfacts/chelsea-vs-manchester-city,840154,2011-03-20T15:00:00.000Z
298,West Ham United,West Ham,8654,Manchester United,Man United,10260,FT,02-Apr,/match/840156/matchfacts/west-ham-united-vs-manchester-united,840156,2011-04-02T09:45:00.000Z
299,Birmingham City,Birmingham,8658,Bolton Wanderers,Bolton,8559,FT,02-Jan,/match/840161/matchfacts/birmingham-city-vs-bolton-wanderers,840161,2011-04-02T12:00:00.000Z
300,Everton,Everton,8668,Aston Villa,Aston Villa,10252,FT,02-Feb,/match/840157/matchfacts/everton-vs-aston-villa,840157,2011-04-02T12:00:00.000Z
301,Newcastle United,Newcastle,10261,Wolverhampton Wanderers,Wolves,8602,FT,04-Jan,/match/840158/matchfacts/newcastle-united-vs-wolverhampton-wanderers,840158,2011-04-02T12:00:00.000Z
302,Stoke City,Stoke,10194,Chelsea,Chelsea,8455,FT,01-Jan,/match/840163/matchfacts/stoke-city-vs-chelsea,840163,2011-04-02T12:00:00.000Z
303,West Bromwich Albion,West Brom,8659,Liverpool,Liverpool,8650,FT,02-Jan,/match/840162/matchfacts/west-bromwich-albion-vs-liverpool,840162,2011-04-02T12:00:00.000Z
304,Wigan Athletic,Wigan,8528,Tottenham Hotspur,Tottenham,8586,FT,0 - 0,/match/840164/matchfacts/wigan-athletic-vs-tottenham-hotspur,840164,2011-04-02T12:00:00.000Z
305,Arsenal,Arsenal,9825,Blackburn Rovers,Blackburn,8655,FT,0 - 0,/match/840155/matchfacts/arsenal-vs-blackburn-rovers,840155,2011-04-02T14:30:00.000Z
306,Fulham,Fulham,9879,Blackpool,Blackpool,8483,FT,3 - 0,/match/840160/matchfacts/fulham-vs-blackpool,840160,2011-04-03T10:30:00.000Z
307,Manchester City,Man City,8456,Sunderland,Sunderland,8472,FT,5 - 0,/match/840159/matchfacts/manchester-city-vs-sunderland,840159,2011-04-03T13:00:00.000Z
308,Wolverhampton Wanderers,Wolves,8602,Everton,Everton,8668,FT,0 - 3,/match/840170/matchfacts/wolverhampton-wanderers-vs-everton,840170,2011-04-09T09:45:00.000Z
309,Blackburn Rovers,Blackburn,8655,Birmingham City,Birmingham,8658,FT,01-Jan,/match/840171/matchfacts/blackburn-rovers-vs-birmingham-city,840171,2011-04-09T12:00:00.000Z
310,Bolton Wanderers,Bolton,8559,West Ham United,West Ham,8654,FT,3 - 0,/match/840172/matchfacts/bolton-wanderers-vs-west-ham-united,840172,2011-04-09T12:00:00.000Z
311,Chelsea,Chelsea,8455,Wigan Athletic,Wigan,8528,FT,1 - 0,/match/840174/matchfacts/chelsea-vs-wigan-athletic,840174,2011-04-09T12:00:00.000Z
312,Manchester United,Man United,10260,Fulham,Fulham,9879,FT,2 - 0,/match/840165/matchfacts/manchester-united-vs-fulham,840165,2011-04-09T12:00:00.000Z
313,Sunderland,Sunderland,8472,West Bromwich Albion,West Brom,8659,FT,02-Mar,/match/840167/matchfacts/sunderland-vs-west-bromwich-albion,840167,2011-04-09T12:00:00.000Z
314,Tottenham Hotspur,Tottenham,8586,Stoke City,Stoke,10194,FT,03-Feb,/match/840168/matchfacts/tottenham-hotspur-vs-stoke-city,840168,2011-04-09T12:00:00.000Z
315,Blackpool,Blackpool,8483,Arsenal,Arsenal,9825,FT,01-Mar,/match/840173/matchfacts/blackpool-vs-arsenal,840173,2011-04-10T10:30:00.000Z
316,Aston Villa,Aston Villa,10252,Newcastle United,Newcastle,10261,FT,1 - 0,/match/840169/matchfacts/aston-villa-vs-newcastle-united,840169,2011-04-10T13:00:00.000Z
317,Liverpool,Liverpool,8650,Manchester City,Man City,8456,FT,3 - 0,/match/840166/matchfacts/liverpool-vs-manchester-city,840166,2011-04-11T17:00:00.000Z
318,Birmingham City,Birmingham,8658,Sunderland,Sunderland,8472,FT,2 - 0,/match/840181/matchfacts/birmingham-city-vs-sunderland,840181,2011-04-16T12:00:00.000Z
319,Blackpool,Blackpool,8483,Wigan Athletic,Wigan,8528,FT,01-Mar,/match/839798/matchfacts/blackpool-vs-wigan-athletic,839798,2011-04-16T12:00:00.000Z
320,Everton,Everton,8668,Blackburn Rovers,Blackburn,8655,FT,2 - 0,/match/840177/matchfacts/everton-vs-blackburn-rovers,840177,2011-04-16T12:00:00.000Z
321,West Bromwich Albion,West Brom,8659,Chelsea,Chelsea,8455,FT,01-Mar,/match/840182/matchfacts/west-bromwich-albion-vs-chelsea,840182,2011-04-16T12:00:00.000Z
322,West Ham United,West Ham,8654,Aston Villa,Aston Villa,10252,FT,01-Feb,/match/840176/matchfacts/west-ham-united-vs-aston-villa,840176,2011-04-16T12:00:00.000Z
323,Arsenal,Arsenal,9825,Liverpool,Liverpool,8650,FT,01-Jan,/match/840175/matchfacts/arsenal-vs-liverpool,840175,2011-04-17T13:00:00.000Z
324,Newcastle United,Newcastle,10261,Manchester United,Man United,10260,FT,0 - 0,/match/840178/matchfacts/newcastle-united-vs-manchester-united,840178,2011-04-19T16:45:00.000Z
325,Chelsea,Chelsea,8455,Birmingham City,Birmingham,8658,FT,03-Jan,/match/840134/matchfacts/chelsea-vs-birmingham-city,840134,2011-04-20T16:45:00.000Z
326,Tottenham Hotspur,Tottenham,8586,Arsenal,Arsenal,9825,FT,03-Mar,/match/840125/matchfacts/tottenham-hotspur-vs-arsenal,840125,2011-04-20T16:45:00.000Z
327,Manchester United,Man United,10260,Everton,Everton,8668,FT,1 - 0,/match/840185/matchfacts/manchester-united-vs-everton,840185,2011-04-23T09:45:00.000Z
328,Aston Villa,Aston Villa,10252,Stoke City,Stoke,10194,FT,01-Jan,/match/840189/matchfacts/aston-villa-vs-stoke-city,840189,2011-04-23T12:00:00.000Z
329,Blackpool,Blackpool,8483,Newcastle United,Newcastle,10261,FT,01-Jan,/match/840193/matchfacts/blackpool-vs-newcastle-united,840193,2011-04-23T12:00:00.000Z
330,Liverpool,Liverpool,8650,Birmingham City,Birmingham,8658,FT,5 - 0,/match/840186/matchfacts/liverpool-vs-birmingham-city,840186,2011-04-23T12:00:00.000Z
331,Sunderland,Sunderland,8472,Wigan Athletic,Wigan,8528,FT,04-Feb,/match/840187/matchfacts/sunderland-vs-wigan-athletic,840187,2011-04-23T12:00:00.000Z
332,Tottenham Hotspur,Tottenham,8586,West Bromwich Albion,West Brom,8659,FT,02-Feb,/match/840188/matchfacts/tottenham-hotspur-vs-west-bromwich-albion,840188,2011-04-23T12:00:00.000Z
333,Wolverhampton Wanderers,Wolves,8602,Fulham,Fulham,9879,FT,01-Jan,/match/840190/matchfacts/wolverhampton-wanderers-vs-fulham,840190,2011-04-23T12:00:00.000Z
334,Chelsea,Chelsea,8455,West Ham United,West Ham,8654,FT,3 - 0,/match/840194/matchfacts/chelsea-vs-west-ham-united,840194,2011-04-23T14:30:00.000Z
335,Bolton Wanderers,Bolton,8559,Arsenal,Arsenal,9825,FT,02-Jan,/match/840192/matchfacts/bolton-wanderers-vs-arsenal,840192,2011-04-24T13:00:00.000Z
336,Blackburn Rovers,Blackburn,8655,Manchester City,Man City,8456,FT,0 - 1,/match/840191/matchfacts/blackburn-rovers-vs-manchester-city,840191,2011-04-25T17:00:00.000Z
337,Stoke City,Stoke,10194,Wolverhampton Wanderers,Wolves,8602,FT,3 - 0,/match/840183/matchfacts/stoke-city-vs-wolverhampton-wanderers,840183,2011-04-26T16:45:00.000Z
338,Fulham,Fulham,9879,Bolton Wanderers,Bolton,8559,FT,3 - 0,/match/840180/matchfacts/fulham-vs-bolton-wanderers,840180,2011-04-27T17:00:00.000Z
339,Blackburn Rovers,Blackburn,8655,Bolton Wanderers,Bolton,8559,FT,1 - 0,/match/840199/matchfacts/blackburn-rovers-vs-bolton-wanderers,840199,2011-04-30T12:00:00.000Z
340,Blackpool,Blackpool,8483,Stoke City,Stoke,10194,FT,0 - 0,/match/840202/matchfacts/blackpool-vs-stoke-city,840202,2011-04-30T12:00:00.000Z
341,Sunderland,Sunderland,8472,Fulham,Fulham,9879,FT,0 - 3,/match/840197/matchfacts/sunderland-vs-fulham,840197,2011-04-30T12:00:00.000Z
342,West Bromwich Albion,West Brom,8659,Aston Villa,Aston Villa,10252,FT,02-Jan,/match/840201/matchfacts/west-bromwich-albion-vs-aston-villa,840201,2011-04-30T12:00:00.000Z
343,Wigan Athletic,Wigan,8528,Everton,Everton,8668,FT,01-Jan,/match/840203/matchfacts/wigan-athletic-vs-everton,840203,2011-04-30T12:00:00.000Z
344,Chelsea,Chelsea,8455,Tottenham Hotspur,Tottenham,8586,FT,02-Jan,/match/840204/matchfacts/chelsea-vs-tottenham-hotspur,840204,2011-04-30T14:30:00.000Z
345,Birmingham City,Birmingham,8658,Wolverhampton Wanderers,Wolves,8602,FT,01-Jan,/match/840200/matchfacts/birmingham-city-vs-wolverhampton-wanderers,840200,2011-05-01T09:00:00.000Z
346,Liverpool,Liverpool,8650,Newcastle United,Newcastle,10261,FT,3 - 0,/match/840196/matchfacts/liverpool-vs-newcastle-united,840196,2011-05-01T09:00:00.000Z
347,Arsenal,Arsenal,9825,Manchester United,Man United,10260,FT,1 - 0,/match/840195/matchfacts/arsenal-vs-manchester-united,840195,2011-05-01T11:05:00.000Z
348,Manchester City,Man City,8456,West Ham United,West Ham,8654,FT,02-Jan,/match/840198/matchfacts/manchester-city-vs-west-ham-united,840198,2011-05-01T13:10:00.000Z
349,Aston Villa,Aston Villa,10252,Wigan Athletic,Wigan,8528,FT,01-Jan,/match/840208/matchfacts/aston-villa-vs-wigan-athletic,840208,2011-05-07T12:00:00.000Z
350,Bolton Wanderers,Bolton,8559,Sunderland,Sunderland,8472,FT,01-Feb,/match/840213/matchfacts/bolton-wanderers-vs-sunderland,840213,2011-05-07T12:00:00.000Z
351,Everton,Everton,8668,Manchester City,Man City,8456,FT,02-Jan,/match/840209/matchfacts/everton-vs-manchester-city,840209,2011-05-07T12:00:00.000Z
352,Newcastle United,Newcastle,10261,Birmingham City,Birmingham,8658,FT,02-Jan,/match/840210/matchfacts/newcastle-united-vs-birmingham-city,840210,2011-05-07T12:00:00.000Z
353,West Ham United,West Ham,8654,Blackburn Rovers,Blackburn,8655,FT,01-Jan,/match/840207/matchfacts/west-ham-united-vs-blackburn-rovers,840207,2011-05-07T12:00:00.000Z
354,Tottenham Hotspur,Tottenham,8586,Blackpool,Blackpool,8483,FT,01-Jan,/match/840206/matchfacts/tottenham-hotspur-vs-blackpool,840206,2011-05-07T14:30:00.000Z
355,Wolverhampton Wanderers,Wolves,8602,West Bromwich Albion,West Brom,8659,FT,03-Jan,/match/840211/matchfacts/wolverhampton-wanderers-vs-west-bromwich-albion,840211,2011-05-08T09:00:00.000Z
356,Stoke City,Stoke,10194,Arsenal,Arsenal,9825,FT,03-Jan,/match/840214/matchfacts/stoke-city-vs-arsenal,840214,2011-05-08T11:05:00.000Z
357,Manchester United,Man United,10260,Chelsea,Chelsea,8455,FT,02-Jan,/match/840205/matchfacts/manchester-united-vs-chelsea,840205,2011-05-08T13:10:00.000Z
358,Fulham,Fulham,9879,Liverpool,Liverpool,8650,FT,02-May,/match/840212/matchfacts/fulham-vs-liverpool,840212,2011-05-09T17:00:00.000Z
359,Manchester City,Man City,8456,Tottenham Hotspur,Tottenham,8586,FT,1 - 0,/match/840179/matchfacts/manchester-city-vs-tottenham-hotspur,840179,2011-05-10T16:45:00.000Z
360,Blackburn Rovers,Blackburn,8655,Manchester United,Man United,10260,FT,01-Jan,/match/840219/matchfacts/blackburn-rovers-vs-manchester-united,840219,2011-05-14T09:45:00.000Z
361,Blackpool,Blackpool,8483,Bolton Wanderers,Bolton,8559,FT,04-Mar,/match/840222/matchfacts/blackpool-vs-bolton-wanderers,840222,2011-05-14T09:45:00.000Z
362,Sunderland,Sunderland,8472,Wolverhampton Wanderers,Wolves,8602,FT,01-Mar,/match/840217/matchfacts/sunderland-vs-wolverhampton-wanderers,840217,2011-05-14T09:45:00.000Z
363,West Bromwich Albion,West Brom,8659,Everton,Everton,8668,FT,1 - 0,/match/840221/matchfacts/west-bromwich-albion-vs-everton,840221,2011-05-14T09:45:00.000Z
364,Chelsea,Chelsea,8455,Newcastle United,Newcastle,10261,FT,02-Feb,/match/840224/matchfacts/chelsea-vs-newcastle-united,840224,2011-05-15T10:30:00.000Z
365,Arsenal,Arsenal,9825,Aston Villa,Aston Villa,10252,FT,01-Feb,/match/840215/matchfacts/arsenal-vs-aston-villa,840215,2011-05-15T13:00:00.000Z
366,Birmingham City,Birmingham,8658,Fulham,Fulham,9879,FT,0 - 2,/match/840220/matchfacts/birmingham-city-vs-fulham,840220,2011-05-15T13:00:00.000Z
367,Liverpool,Liverpool,8650,Tottenham Hotspur,Tottenham,8586,FT,0 - 2,/match/840216/matchfacts/liverpool-vs-tottenham-hotspur,840216,2011-05-15T13:00:00.000Z
368,Wigan Athletic,Wigan,8528,West Ham United,West Ham,8654,FT,03-Feb,/match/840223/matchfacts/wigan-athletic-vs-west-ham-united,840223,2011-05-15T13:00:00.000Z
369,Manchester City,Man City,8456,Stoke City,Stoke,10194,FT,3 - 0,/match/840218/matchfacts/manchester-city-vs-stoke-city,840218,2011-05-17T16:45:00.000Z
370,Aston Villa,Aston Villa,10252,Liverpool,Liverpool,8650,FT,1 - 0,/match/840228/matchfacts/aston-villa-vs-liverpool,840228,2011-05-22T13:00:00.000Z
371,Bolton Wanderers,Bolton,8559,Manchester City,Man City,8456,FT,0 - 2,/match/840233/matchfacts/bolton-wanderers-vs-manchester-city,840233,2011-05-22T13:00:00.000Z
372,Everton,Everton,8668,Chelsea,Chelsea,8455,FT,1 - 0,/match/840229/matchfacts/everton-vs-chelsea,840229,2011-05-22T13:00:00.000Z
373,Fulham,Fulham,9879,Arsenal,Arsenal,9825,FT,02-Feb,/match/840232/matchfacts/fulham-vs-arsenal,840232,2011-05-22T13:00:00.000Z
374,Manchester United,Man United,10260,Blackpool,Blackpool,8483,FT,04-Feb,/match/840225/matchfacts/manchester-united-vs-blackpool,840225,2011-05-22T13:00:00.000Z
375,Newcastle United,Newcastle,10261,West Bromwich Albion,West Brom,8659,FT,03-Mar,/match/840230/matchfacts/newcastle-united-vs-west-bromwich-albion,840230,2011-05-22T13:00:00.000Z
376,Stoke City,Stoke,10194,Wigan Athletic,Wigan,8528,FT,0 - 1,/match/840234/matchfacts/stoke-city-vs-wigan-athletic,840234,2011-05-22T13:00:00.000Z
377,Tottenham Hotspur,Tottenham,8586,Birmingham City,Birmingham,8658,FT,02-Jan,/match/840226/matchfacts/tottenham-hotspur-vs-birmingham-city,840226,2011-05-22T13:00:00.000Z
378,West Ham United,West Ham,8654,Sunderland,Sunderland,8472,FT,0 - 3,/match/840227/matchfacts/west-ham-united-vs-sunderland,840227,2011-05-22T13:00:00.000Z
379,Wolverhampton Wanderers,Wolves,8602,Blackburn Rovers,Blackburn,8655,FT,02-Mar,/match/840231/matchfacts/wolverhampton-wanderers-vs-blackburn-rovers,840231,2011-05-22T13:00:00.000Z
