,id,pageUrl,name,shortName
0,8586,/match/839804/matchfacts/tottenham-hotspur-vs-manchester-city,Tottenham Hotspur,Tottenham
1,10252,/match/839796/matchfacts/aston-villa-vs-west-ham-united,Aston Villa,Aston Villa
2,8655,/match/839797/matchfacts/blackburn-rovers-vs-everton,Blackburn Rovers,Blackburn
3,8559,/match/839799/matchfacts/bolton-wanderers-vs-fulham,Bolton Wanderers,Bolton
4,8472,/match/839803/matchfacts/sunderland-vs-birmingham-city,Sunderland,Sunderland
5,8528,/match/840184/matchfacts/wigan-athletic-vs-blackpool,Wigan Athletic,Wigan
6,8602,/match/839805/matchfacts/wolverhampton-wanderers-vs-stoke-city,Wolverhampton Wanderers,Wolves
7,8455,/match/839800/matchfacts/chelsea-vs-west-bromwich-albion,Chelsea,Chelsea
8,8650,/match/839801/matchfacts/liverpool-vs-arsenal,Liverpool,Liverpool
9,10260,/match/839802/matchfacts/manchester-united-vs-newcastle-united,Manchester United,Man United
10,9825,/match/839824/matchfacts/arsenal-vs-blackpool,Arsenal,Arsenal
11,8658,/match/839830/matchfacts/birmingham-city-vs-blackburn-rovers,Birmingham City,Birmingham
12,8668,/match/839826/matchfacts/everton-vs-wolverhampton-wanderers,Everton,Everton
13,10194,/match/839832/matchfacts/stoke-city-vs-tottenham-hotspur,Stoke City,Stoke
14,8659,/match/839831/matchfacts/west-bromwich-albion-vs-sunderland,West Bromwich Albion,West Brom
15,8654,/match/839825/matchfacts/west-ham-united-vs-bolton-wanderers,West Ham United,West Ham
16,8528,/match/839833/matchfacts/wigan-athletic-vs-chelsea,Wigan Athletic,Wigan
17,10261,/match/839827/matchfacts/newcastle-united-vs-aston-villa,Newcastle United,Newcastle
18,9879,/match/839829/matchfacts/fulham-vs-manchester-united,Fulham,Fulham
19,8456,/match/839828/matchfacts/manchester-city-vs-liverpool,Manchester City,Man City
20,8655,/match/839840/matchfacts/blackburn-rovers-vs-arsenal,Blackburn Rovers,Blackburn
21,8483,/match/839842/matchfacts/blackpool-vs-fulham,Blackpool,Blackpool
22,8455,/match/839843/matchfacts/chelsea-vs-stoke-city,Chelsea,Chelsea
23,8586,/match/839837/matchfacts/tottenham-hotspur-vs-wigan-athletic,Tottenham Hotspur,Tottenham
24,8602,/match/839839/matchfacts/wolverhampton-wanderers-vs-newcastle-united,Wolverhampton Wanderers,Wolves
25,10260,/match/839834/matchfacts/manchester-united-vs-west-ham-united,Manchester United,Man United
26,8559,/match/839841/matchfacts/bolton-wanderers-vs-birmingham-city,Bolton Wanderers,Bolton
27,8650,/match/839835/matchfacts/liverpool-vs-west-bromwich-albion,Liverpool,Liverpool
28,8472,/match/839836/matchfacts/sunderland-vs-manchester-city,Sunderland,Sunderland
29,10252,/match/839838/matchfacts/aston-villa-vs-everton,Aston Villa,Aston Villa
30,8668,/match/839846/matchfacts/everton-vs-manchester-united,Everton,Everton
31,9825,/match/839844/matchfacts/arsenal-vs-bolton-wanderers,Arsenal,Arsenal
32,9879,/match/839849/matchfacts/fulham-vs-wolverhampton-wanderers,Fulham,Fulham
33,8456,/match/839848/matchfacts/manchester-city-vs-blackburn-rovers,Manchester City,Man City
34,10261,/match/839847/matchfacts/newcastle-united-vs-blackpool,Newcastle United,Newcastle
35,8659,/match/839851/matchfacts/west-bromwich-albion-vs-tottenham-hotspur,West Bromwich Albion,West Brom
36,8654,/match/839845/matchfacts/west-ham-united-vs-chelsea,West Ham United,West Ham
37,8528,/match/839853/matchfacts/wigan-athletic-vs-sunderland,Wigan Athletic,Wigan
38,8658,/match/839850/matchfacts/birmingham-city-vs-liverpool,Birmingham City,Birmingham
39,10194,/match/839852/matchfacts/stoke-city-vs-aston-villa,Stoke City,Stoke
40,10194,/match/839861/matchfacts/stoke-city-vs-west-ham-united,Stoke City,Stoke
41,10252,/match/839857/matchfacts/aston-villa-vs-bolton-wanderers,Aston Villa,Aston Villa
42,8655,/match/839859/matchfacts/blackburn-rovers-vs-fulham,Blackburn Rovers,Blackburn
43,8668,/match/839858/matchfacts/everton-vs-newcastle-united,Everton,Everton
44,8586,/match/839856/matchfacts/tottenham-hotspur-vs-wolverhampton-wanderers,Tottenham Hotspur,Tottenham
45,8659,/match/839860/matchfacts/west-bromwich-albion-vs-birmingham-city,West Bromwich Albion,West Brom
46,8472,/match/839855/matchfacts/sunderland-vs-arsenal,Sunderland,Sunderland
47,10260,/match/839854/matchfacts/manchester-united-vs-liverpool,Manchester United,Man United
48,8528,/match/839862/matchfacts/wigan-athletic-vs-manchester-city,Wigan Athletic,Wigan
49,8455,/match/839863/matchfacts/chelsea-vs-blackpool,Chelsea,Chelsea
50,8456,/match/839868/matchfacts/manchester-city-vs-chelsea,Manchester City,Man City
51,9825,/match/839864/matchfacts/arsenal-vs-west-bromwich-albion,Arsenal,Arsenal
52,8658,/match/839871/matchfacts/birmingham-city-vs-wigan-athletic,Birmingham City,Birmingham
53,8483,/match/839873/matchfacts/blackpool-vs-blackburn-rovers,Blackpool,Blackpool
54,9879,/match/839870/matchfacts/fulham-vs-everton,Fulham,Fulham
55,8650,/match/839865/matchfacts/liverpool-vs-sunderland,Liverpool,Liverpool
56,8654,/match/839866/matchfacts/west-ham-united-vs-tottenham-hotspur,West Ham United,West Ham
57,8559,/match/839872/matchfacts/bolton-wanderers-vs-manchester-united,Bolton Wanderers,Bolton
58,8602,/match/839869/matchfacts/wolverhampton-wanderers-vs-aston-villa,Wolverhampton Wanderers,Wolves
59,10261,/match/839867/matchfacts/newcastle-united-vs-stoke-city,Newcastle United,Newcastle
60,8528,/match/839882/matchfacts/wigan-athletic-vs-wolverhampton-wanderers,Wigan Athletic,Wigan
61,8658,/match/839879/matchfacts/birmingham-city-vs-everton,Birmingham City,Birmingham
62,10194,/match/839881/matchfacts/stoke-city-vs-blackburn-rovers,Stoke City,Stoke
63,8586,/match/839876/matchfacts/tottenham-hotspur-vs-aston-villa,Tottenham Hotspur,Tottenham
64,8659,/match/839880/matchfacts/west-bromwich-albion-vs-bolton-wanderers,West Bromwich Albion,West Brom
65,8654,/match/839877/matchfacts/west-ham-united-vs-fulham,West Ham United,West Ham
66,8472,/match/839875/matchfacts/sunderland-vs-manchester-united,Sunderland,Sunderland
67,8456,/match/839878/matchfacts/manchester-city-vs-newcastle-united,Manchester City,Man City
68,8650,/match/839874/matchfacts/liverpool-vs-blackpool,Liverpool,Liverpool
69,8455,/match/839883/matchfacts/chelsea-vs-arsenal,Chelsea,Chelsea
70,9825,/match/839885/matchfacts/arsenal-vs-birmingham-city,Arsenal,Arsenal
71,8559,/match/839892/matchfacts/bolton-wanderers-vs-stoke-city,Bolton Wanderers,Bolton
72,9879,/match/839891/matchfacts/fulham-vs-tottenham-hotspur,Fulham,Fulham
73,10260,/match/839884/matchfacts/manchester-united-vs-west-bromwich-albion,Manchester United,Man United
74,10261,/match/839888/matchfacts/newcastle-united-vs-wigan-athletic,Newcastle United,Newcastle
75,8602,/match/839889/matchfacts/wolverhampton-wanderers-vs-west-ham-united,Wolverhampton Wanderers,Wolves
76,10252,/match/839886/matchfacts/aston-villa-vs-chelsea,Aston Villa,Aston Villa
77,8668,/match/839887/matchfacts/everton-vs-liverpool,Everton,Everton
78,8483,/match/839893/matchfacts/blackpool-vs-manchester-city,Blackpool,Blackpool
79,8655,/match/839890/matchfacts/blackburn-rovers-vs-sunderland,Blackburn Rovers,Blackburn
80,8586,/match/839896/matchfacts/tottenham-hotspur-vs-everton,Tottenham Hotspur,Tottenham
81,8658,/match/839899/matchfacts/birmingham-city-vs-blackpool,Birmingham City,Birmingham
82,8455,/match/839903/matchfacts/chelsea-vs-wolverhampton-wanderers,Chelsea,Chelsea
83,8472,/match/839895/matchfacts/sunderland-vs-aston-villa,Sunderland,Sunderland
84,8659,/match/839900/matchfacts/west-bromwich-albion-vs-fulham,West Bromwich Albion,West Brom
85,8528,/match/839902/matchfacts/wigan-athletic-vs-bolton-wanderers,Wigan Athletic,Wigan
86,8654,/match/839897/matchfacts/west-ham-united-vs-newcastle-united,West Ham United,West Ham
87,10194,/match/839901/matchfacts/stoke-city-vs-manchester-united,Stoke City,Stoke
88,8650,/match/839894/matchfacts/liverpool-vs-blackburn-rovers,Liverpool,Liverpool
89,8456,/match/839898/matchfacts/manchester-city-vs-arsenal,Manchester City,Man City
90,9825,/match/839905/matchfacts/arsenal-vs-west-ham-united,Arsenal,Arsenal
91,8655,/match/839910/matchfacts/blackburn-rovers-vs-chelsea,Blackburn Rovers,Blackburn
92,8668,/match/839907/matchfacts/everton-vs-stoke-city,Everton,Everton
93,9879,/match/839911/matchfacts/fulham-vs-wigan-athletic,Fulham,Fulham
94,8602,/match/839909/matchfacts/wolverhampton-wanderers-vs-manchester-city,Wolverhampton Wanderers,Wolves
95,10260,/match/839904/matchfacts/manchester-united-vs-tottenham-hotspur,Manchester United,Man United
96,10252,/match/839906/matchfacts/aston-villa-vs-birmingham-city,Aston Villa,Aston Villa
97,10261,/match/839908/matchfacts/newcastle-united-vs-sunderland,Newcastle United,Newcastle
98,8559,/match/839912/matchfacts/bolton-wanderers-vs-liverpool,Bolton Wanderers,Bolton
99,8483,/match/839913/matchfacts/blackpool-vs-west-bromwich-albion,Blackpool,Blackpool
100,8559,/match/839921/matchfacts/bolton-wanderers-vs-tottenham-hotspur,Bolton Wanderers,Bolton
101,8658,/match/839920/matchfacts/birmingham-city-vs-west-ham-united,Birmingham City,Birmingham
102,8655,/match/839918/matchfacts/blackburn-rovers-vs-wigan-athletic,Blackburn Rovers,Blackburn
103,8483,/match/839923/matchfacts/blackpool-vs-everton,Blackpool,Blackpool
104,9879,/match/839919/matchfacts/fulham-vs-aston-villa,Fulham,Fulham
105,10260,/match/839914/matchfacts/manchester-united-vs-wolverhampton-wanderers,Manchester United,Man United
106,8472,/match/839917/matchfacts/sunderland-vs-stoke-city,Sunderland,Sunderland
107,9825,/match/839915/matchfacts/arsenal-vs-newcastle-united,Arsenal,Arsenal
108,8659,/match/839922/matchfacts/west-bromwich-albion-vs-manchester-city,West Bromwich Albion,West Brom
109,8650,/match/839916/matchfacts/liverpool-vs-chelsea,Liverpool,Liverpool
110,10194,/match/839927/matchfacts/stoke-city-vs-birmingham-city,Stoke City,Stoke
111,8586,/match/839924/matchfacts/tottenham-hotspur-vs-sunderland,Tottenham Hotspur,Tottenham
112,10252,/match/839929/matchfacts/aston-villa-vs-blackpool,Aston Villa,Aston Villa
113,8455,/match/839933/matchfacts/chelsea-vs-fulham,Chelsea,Chelsea
114,10261,/match/839931/matchfacts/newcastle-united-vs-blackburn-rovers,Newcastle United,Newcastle
115,8654,/match/839925/matchfacts/west-ham-united-vs-west-bromwich-albion,West Ham United,West Ham
116,8528,/match/839928/matchfacts/wigan-athletic-vs-liverpool,Wigan Athletic,Wigan
117,8602,/match/839926/matchfacts/wolverhampton-wanderers-vs-arsenal,Wolverhampton Wanderers,Wolves
118,8668,/match/839930/matchfacts/everton-vs-bolton-wanderers,Everton,Everton
119,8456,/match/839932/matchfacts/manchester-city-vs-manchester-united,Manchester City,Man City
120,10252,/match/839936/matchfacts/aston-villa-vs-manchester-united,Aston Villa,Aston Villa
121,8456,/match/839939/matchfacts/manchester-city-vs-birmingham-city,Manchester City,Man City
122,10261,/match/839938/matchfacts/newcastle-united-vs-fulham,Newcastle United,Newcastle
123,8586,/match/839934/matchfacts/tottenham-hotspur-vs-blackburn-rovers,Tottenham Hotspur,Tottenham
124,8654,/match/839935/matchfacts/west-ham-united-vs-blackpool,West Ham United,West Ham
125,8528,/match/839942/matchfacts/wigan-athletic-vs-west-bromwich-albion,Wigan Athletic,Wigan
126,8602,/match/839940/matchfacts/wolverhampton-wanderers-vs-bolton-wanderers,Wolverhampton Wanderers,Wolves
127,10194,/match/839941/matchfacts/stoke-city-vs-liverpool,Stoke City,Stoke
128,8668,/match/839937/matchfacts/everton-vs-arsenal,Everton,Everton
129,8455,/match/839943/matchfacts/chelsea-vs-sunderland,Chelsea,Chelsea
130,9825,/match/839945/matchfacts/arsenal-vs-tottenham-hotspur,Arsenal,Arsenal
131,8658,/match/839950/matchfacts/birmingham-city-vs-chelsea,Birmingham City,Birmingham
132,8483,/match/839953/matchfacts/blackpool-vs-wolverhampton-wanderers,Blackpool,Blackpool
133,8559,/match/839951/matchfacts/bolton-wanderers-vs-newcastle-united,Bolton Wanderers,Bolton
134,10260,/match/839944/matchfacts/manchester-united-vs-wigan-athletic,Manchester United,Man United
135,8659,/match/839952/matchfacts/west-bromwich-albion-vs-stoke-city,West Bromwich Albion,West Brom
136,8650,/match/839946/matchfacts/liverpool-vs-west-ham-united,Liverpool,Liverpool
137,8655,/match/839948/matchfacts/blackburn-rovers-vs-aston-villa,Blackburn Rovers,Blackburn
138,9879,/match/839949/matchfacts/fulham-vs-manchester-city,Fulham,Fulham
139,8472,/match/839947/matchfacts/sunderland-vs-everton,Sunderland,Sunderland
140,10252,/match/839957/matchfacts/aston-villa-vs-arsenal,Aston Villa,Aston Villa
141,8559,/match/839962/matchfacts/bolton-wanderers-vs-blackpool,Bolton Wanderers,Bolton
142,8668,/match/839958/matchfacts/everton-vs-west-bromwich-albion,Everton,Everton
143,9879,/match/839961/matchfacts/fulham-vs-birmingham-city,Fulham,Fulham
144,10260,/match/839954/matchfacts/manchester-united-vs-blackburn-rovers,Manchester United,Man United
145,10194,/match/839963/matchfacts/stoke-city-vs-manchester-city,Stoke City,Stoke
146,8654,/match/839956/matchfacts/west-ham-united-vs-wigan-athletic,West Ham United,West Ham
147,8602,/match/839960/matchfacts/wolverhampton-wanderers-vs-sunderland,Wolverhampton Wanderers,Wolves
148,10261,/match/839959/matchfacts/newcastle-united-vs-chelsea,Newcastle United,Newcastle
149,8586,/match/839955/matchfacts/tottenham-hotspur-vs-liverpool,Tottenham Hotspur,Tottenham
150,9825,/match/839964/matchfacts/arsenal-vs-fulham,Arsenal,Arsenal
151,8658,/match/839969/matchfacts/birmingham-city-vs-tottenham-hotspur,Birmingham City,Birmingham
152,8655,/match/839968/matchfacts/blackburn-rovers-vs-wolverhampton-wanderers,Blackburn Rovers,Blackburn
153,8455,/match/839973/matchfacts/chelsea-vs-everton,Chelsea,Chelsea
154,8456,/match/839967/matchfacts/manchester-city-vs-bolton-wanderers,Manchester City,Man City
155,8528,/match/839972/matchfacts/wigan-athletic-vs-stoke-city,Wigan Athletic,Wigan
156,8659,/match/839970/matchfacts/west-bromwich-albion-vs-newcastle-united,West Bromwich Albion,West Brom
157,8472,/match/839966/matchfacts/sunderland-vs-west-ham-united,Sunderland,Sunderland
158,8650,/match/839965/matchfacts/liverpool-vs-aston-villa,Liverpool,Liverpool
159,10252,/match/839977/matchfacts/aston-villa-vs-west-bromwich-albion,Aston Villa,Aston Villa
160,8668,/match/839978/matchfacts/everton-vs-wigan-athletic,Everton,Everton
161,9879,/match/839981/matchfacts/fulham-vs-sunderland,Fulham,Fulham
162,10194,/match/839983/matchfacts/stoke-city-vs-blackpool,Stoke City,Stoke
163,8654,/match/839976/matchfacts/west-ham-united-vs-manchester-city,West Ham United,West Ham
164,10261,/match/839979/matchfacts/newcastle-united-vs-liverpool,Newcastle United,Newcastle
165,8559,/match/839982/matchfacts/bolton-wanderers-vs-blackburn-rovers,Bolton Wanderers,Bolton
166,8602,/match/839980/matchfacts/wolverhampton-wanderers-vs-birmingham-city,Wolverhampton Wanderers,Wolves
167,8586,/match/839975/matchfacts/tottenham-hotspur-vs-chelsea,Tottenham Hotspur,Tottenham
168,10260,/match/839974/matchfacts/manchester-united-vs-arsenal,Manchester United,Man United
169,8472,/match/839986/matchfacts/sunderland-vs-bolton-wanderers,Sunderland,Sunderland
170,8655,/match/839988/matchfacts/blackburn-rovers-vs-west-ham-united,Blackburn Rovers,Blackburn
171,8456,/match/839987/matchfacts/manchester-city-vs-everton,Manchester City,Man City
172,9879,/match/840001/matchfacts/fulham-vs-west-ham-united,Fulham,Fulham
173,8655,/match/840000/matchfacts/blackburn-rovers-vs-stoke-city,Blackburn Rovers,Blackburn
174,8559,/match/840002/matchfacts/bolton-wanderers-vs-west-bromwich-albion,Bolton Wanderers,Bolton
175,10260,/match/839994/matchfacts/manchester-united-vs-sunderland,Manchester United,Man United
176,10261,/match/839998/matchfacts/newcastle-united-vs-manchester-city,Newcastle United,Newcastle
177,8602,/match/839999/matchfacts/wolverhampton-wanderers-vs-wigan-athletic,Wolverhampton Wanderers,Wolves
178,10252,/match/839996/matchfacts/aston-villa-vs-tottenham-hotspur,Aston Villa,Aston Villa
179,9825,/match/839995/matchfacts/arsenal-vs-chelsea,Arsenal,Arsenal
180,8456,/match/840008/matchfacts/manchester-city-vs-aston-villa,Manchester City,Man City
181,10194,/match/840011/matchfacts/stoke-city-vs-fulham,Stoke City,Stoke
182,8472,/match/840005/matchfacts/sunderland-vs-blackpool,Sunderland,Sunderland
183,8586,/match/840006/matchfacts/tottenham-hotspur-vs-newcastle-united,Tottenham Hotspur,Tottenham
184,8659,/match/840010/matchfacts/west-bromwich-albion-vs-blackburn-rovers,West Bromwich Albion,West Brom
185,8654,/match/840007/matchfacts/west-ham-united-vs-everton,West Ham United,West Ham
186,8658,/match/840009/matchfacts/birmingham-city-vs-manchester-united,Birmingham City,Birmingham
187,8455,/match/840013/matchfacts/chelsea-vs-bolton-wanderers,Chelsea,Chelsea
188,8528,/match/840012/matchfacts/wigan-athletic-vs-arsenal,Wigan Athletic,Wigan
189,8650,/match/840004/matchfacts/liverpool-vs-wolverhampton-wanderers,Liverpool,Liverpool
190,8659,/match/840061/matchfacts/west-bromwich-albion-vs-manchester-united,West Bromwich Albion,West Brom
191,8650,/match/840055/matchfacts/liverpool-vs-bolton-wanderers,Liverpool,Liverpool
192,8456,/match/840059/matchfacts/manchester-city-vs-blackpool,Manchester City,Man City
193,10194,/match/840062/matchfacts/stoke-city-vs-everton,Stoke City,Stoke
194,8472,/match/840056/matchfacts/sunderland-vs-blackburn-rovers,Sunderland,Sunderland
195,8586,/match/840057/matchfacts/tottenham-hotspur-vs-fulham,Tottenham Hotspur,Tottenham
196,8654,/match/840058/matchfacts/west-ham-united-vs-wolverhampton-wanderers,West Ham United,West Ham
197,8658,/match/840060/matchfacts/birmingham-city-vs-arsenal,Birmingham City,Birmingham
198,8455,/match/840064/matchfacts/chelsea-vs-aston-villa,Chelsea,Chelsea
199,8528,/match/840063/matchfacts/wigan-athletic-vs-newcastle-united,Wigan Athletic,Wigan
200,8483,/match/840069/matchfacts/blackpool-vs-birmingham-city,Blackpool,Blackpool
201,9879,/match/840074/matchfacts/fulham-vs-west-bromwich-albion,Fulham,Fulham
202,10260,/match/840065/matchfacts/manchester-united-vs-stoke-city,Manchester United,Man United
203,9825,/match/840066/matchfacts/arsenal-vs-manchester-city,Arsenal,Arsenal
204,10252,/match/840070/matchfacts/aston-villa-vs-sunderland,Aston Villa,Aston Villa
205,10261,/match/840072/matchfacts/newcastle-united-vs-west-ham-united,Newcastle United,Newcastle
206,8602,/match/840067/matchfacts/wolverhampton-wanderers-vs-chelsea,Wolverhampton Wanderers,Wolves
207,8655,/match/840073/matchfacts/blackburn-rovers-vs-liverpool,Blackburn Rovers,Blackburn
208,8559,/match/840068/matchfacts/bolton-wanderers-vs-wigan-athletic,Bolton Wanderers,Bolton
209,8668,/match/840071/matchfacts/everton-vs-tottenham-hotspur,Everton,Everton
210,8483,/match/840003/matchfacts/blackpool-vs-liverpool,Blackpool,Blackpool
211,8455,/match/840084/matchfacts/chelsea-vs-blackburn-rovers,Chelsea,Chelsea
212,8456,/match/840079/matchfacts/manchester-city-vs-wolverhampton-wanderers,Manchester City,Man City
213,10194,/match/840082/matchfacts/stoke-city-vs-bolton-wanderers,Stoke City,Stoke
214,8659,/match/840081/matchfacts/west-bromwich-albion-vs-blackpool,West Bromwich Albion,West Brom
215,8528,/match/840083/matchfacts/wigan-athletic-vs-fulham,Wigan Athletic,Wigan
216,8654,/match/840078/matchfacts/west-ham-united-vs-arsenal,West Ham United,West Ham
217,8658,/match/840080/matchfacts/birmingham-city-vs-aston-villa,Birmingham City,Birmingham
218,8472,/match/840076/matchfacts/sunderland-vs-newcastle-united,Sunderland,Sunderland
219,8650,/match/840075/matchfacts/liverpool-vs-everton,Liverpool,Liverpool
220,8586,/match/840077/matchfacts/tottenham-hotspur-vs-manchester-united,Tottenham Hotspur,Tottenham
221,8602,/match/840090/matchfacts/wolverhampton-wanderers-vs-liverpool,Wolverhampton Wanderers,Wolves
222,9825,/match/840086/matchfacts/arsenal-vs-wigan-athletic,Arsenal,Arsenal
223,8483,/match/840094/matchfacts/blackpool-vs-sunderland,Blackpool,Blackpool
224,8668,/match/840088/matchfacts/everton-vs-west-ham-united,Everton,Everton
225,9879,/match/840092/matchfacts/fulham-vs-stoke-city,Fulham,Fulham
226,10260,/match/840085/matchfacts/manchester-united-vs-birmingham-city,Manchester United,Man United
227,10261,/match/840089/matchfacts/newcastle-united-vs-tottenham-hotspur,Newcastle United,Newcastle
228,10252,/match/840087/matchfacts/aston-villa-vs-manchester-city,Aston Villa,Aston Villa
229,8655,/match/840091/matchfacts/blackburn-rovers-vs-west-bromwich-albion,Blackburn Rovers,Blackburn
230,8559,/match/840093/matchfacts/bolton-wanderers-vs-chelsea,Bolton Wanderers,Bolton
231,8483,/match/839971/matchfacts/blackpool-vs-manchester-united,Blackpool,Blackpool
232,8528,/match/839992/matchfacts/wigan-athletic-vs-aston-villa,Wigan Athletic,Wigan
233,8650,/match/839985/matchfacts/liverpool-vs-fulham,Liverpool,Liverpool
234,9825,/match/840096/matchfacts/arsenal-vs-everton,Arsenal,Arsenal
235,8472,/match/840097/matchfacts/sunderland-vs-chelsea,Sunderland,Sunderland
236,10260,/match/840095/matchfacts/manchester-united-vs-aston-villa,Manchester United,Man United
237,8659,/match/840100/matchfacts/west-bromwich-albion-vs-wigan-athletic,West Bromwich Albion,West Brom
238,8658,/match/840098/matchfacts/birmingham-city-vs-manchester-city,Birmingham City,Birmingham
239,8655,/match/840103/matchfacts/blackburn-rovers-vs-tottenham-hotspur,Blackburn Rovers,Blackburn
240,8483,/match/840101/matchfacts/blackpool-vs-west-ham-united,Blackpool,Blackpool
241,8559,/match/840099/matchfacts/bolton-wanderers-vs-wolverhampton-wanderers,Bolton Wanderers,Bolton
242,9879,/match/840104/matchfacts/fulham-vs-newcastle-united,Fulham,Fulham
243,8650,/match/840102/matchfacts/liverpool-vs-stoke-city,Liverpool,Liverpool
244,10194,/match/840112/matchfacts/stoke-city-vs-sunderland,Stoke City,Stoke
245,10252,/match/840107/matchfacts/aston-villa-vs-fulham,Aston Villa,Aston Villa
246,8668,/match/840108/matchfacts/everton-vs-blackpool,Everton,Everton
247,8456,/match/840110/matchfacts/manchester-city-vs-west-bromwich-albion,Manchester City,Man City
248,10261,/match/840109/matchfacts/newcastle-united-vs-arsenal,Newcastle United,Newcastle
249,8586,/match/840105/matchfacts/tottenham-hotspur-vs-bolton-wanderers,Tottenham Hotspur,Tottenham
250,8528,/match/840113/matchfacts/wigan-athletic-vs-blackburn-rovers,Wigan Athletic,Wigan
251,8602,/match/840111/matchfacts/wolverhampton-wanderers-vs-manchester-united,Wolverhampton Wanderers,Wolves
252,8654,/match/840106/matchfacts/west-ham-united-vs-birmingham-city,West Ham United,West Ham
253,8455,/match/840114/matchfacts/chelsea-vs-liverpool,Chelsea,Chelsea
254,10260,/match/840115/matchfacts/manchester-united-vs-manchester-city,Manchester United,Man United
255,9825,/match/840116/matchfacts/arsenal-vs-wolverhampton-wanderers,Arsenal,Arsenal
256,8658,/match/840121/matchfacts/birmingham-city-vs-stoke-city,Birmingham City,Birmingham
257,8655,/match/840119/matchfacts/blackburn-rovers-vs-newcastle-united,Blackburn Rovers,Blackburn
258,8483,/match/840124/matchfacts/blackpool-vs-aston-villa,Blackpool,Blackpool
259,8650,/match/840117/matchfacts/liverpool-vs-wigan-athletic,Liverpool,Liverpool
260,8659,/match/840123/matchfacts/west-bromwich-albion-vs-west-ham-united,West Bromwich Albion,West Brom
261,8472,/match/840118/matchfacts/sunderland-vs-tottenham-hotspur,Sunderland,Sunderland
262,8559,/match/840122/matchfacts/bolton-wanderers-vs-everton,Bolton Wanderers,Bolton
263,9879,/match/840120/matchfacts/fulham-vs-chelsea,Fulham,Fulham
264,8658,/match/839989/matchfacts/birmingham-city-vs-newcastle-united,Birmingham City,Birmingham
265,8659,/match/839990/matchfacts/west-bromwich-albion-vs-wolverhampton-wanderers,West Bromwich Albion,West Brom
266,8483,/match/839991/matchfacts/blackpool-vs-tottenham-hotspur,Blackpool,Blackpool
267,9825,/match/839984/matchfacts/arsenal-vs-stoke-city,Arsenal,Arsenal
268,10252,/match/840127/matchfacts/aston-villa-vs-blackburn-rovers,Aston Villa,Aston Villa
269,8668,/match/840128/matchfacts/everton-vs-sunderland,Everton,Everton
270,10261,/match/840129/matchfacts/newcastle-united-vs-bolton-wanderers,Newcastle United,Newcastle
271,8528,/match/840133/matchfacts/wigan-athletic-vs-manchester-united,Wigan Athletic,Wigan
272,8602,/match/840131/matchfacts/wolverhampton-wanderers-vs-blackpool,Wolverhampton Wanderers,Wolves
273,8654,/match/840126/matchfacts/west-ham-united-vs-liverpool,West Ham United,West Ham
274,8456,/match/840130/matchfacts/manchester-city-vs-fulham,Manchester City,Man City
275,10194,/match/840132/matchfacts/stoke-city-vs-west-bromwich-albion,Stoke City,Stoke
276,8455,/match/839993/matchfacts/chelsea-vs-manchester-united,Chelsea,Chelsea
277,8658,/match/840142/matchfacts/birmingham-city-vs-west-bromwich-albion,Birmingham City,Birmingham
278,9825,/match/840135/matchfacts/arsenal-vs-sunderland,Arsenal,Arsenal
279,8559,/match/840143/matchfacts/bolton-wanderers-vs-aston-villa,Bolton Wanderers,Bolton
280,9879,/match/840141/matchfacts/fulham-vs-blackburn-rovers,Fulham,Fulham
281,10261,/match/840138/matchfacts/newcastle-united-vs-everton,Newcastle United,Newcastle
282,8654,/match/840137/matchfacts/west-ham-united-vs-stoke-city,West Ham United,West Ham
283,8456,/match/840139/matchfacts/manchester-city-vs-wigan-athletic,Manchester City,Man City
284,8650,/match/840136/matchfacts/liverpool-vs-manchester-united,Liverpool,Liverpool
285,8602,/match/840140/matchfacts/wolverhampton-wanderers-vs-tottenham-hotspur,Wolverhampton Wanderers,Wolves
286,8483,/match/840144/matchfacts/blackpool-vs-chelsea,Blackpool,Blackpool
287,8668,/match/839997/matchfacts/everton-vs-birmingham-city,Everton,Everton
288,8586,/match/840147/matchfacts/tottenham-hotspur-vs-west-ham-united,Tottenham Hotspur,Tottenham
289,10252,/match/840148/matchfacts/aston-villa-vs-wolverhampton-wanderers,Aston Villa,Aston Villa
290,8655,/match/840150/matchfacts/blackburn-rovers-vs-blackpool,Blackburn Rovers,Blackburn
291,10260,/match/840145/matchfacts/manchester-united-vs-bolton-wanderers,Manchester United,Man United
292,10194,/match/840152/matchfacts/stoke-city-vs-newcastle-united,Stoke City,Stoke
293,8659,/match/840151/matchfacts/west-bromwich-albion-vs-arsenal,West Bromwich Albion,West Brom
294,8528,/match/840153/matchfacts/wigan-athletic-vs-birmingham-city,Wigan Athletic,Wigan
295,8668,/match/840149/matchfacts/everton-vs-fulham,Everton,Everton
296,8472,/match/840146/matchfacts/sunderland-vs-liverpool,Sunderland,Sunderland
297,8455,/match/840154/matchfacts/chelsea-vs-manchester-city,Chelsea,Chelsea
298,8654,/match/840156/matchfacts/west-ham-united-vs-manchester-united,West Ham United,West Ham
299,8658,/match/840161/matchfacts/birmingham-city-vs-bolton-wanderers,Birmingham City,Birmingham
300,8668,/match/840157/matchfacts/everton-vs-aston-villa,Everton,Everton
301,10261,/match/840158/matchfacts/newcastle-united-vs-wolverhampton-wanderers,Newcastle United,Newcastle
302,10194,/match/840163/matchfacts/stoke-city-vs-chelsea,Stoke City,Stoke
303,8659,/match/840162/matchfacts/west-bromwich-albion-vs-liverpool,West Bromwich Albion,West Brom
304,8528,/match/840164/matchfacts/wigan-athletic-vs-tottenham-hotspur,Wigan Athletic,Wigan
305,9825,/match/840155/matchfacts/arsenal-vs-blackburn-rovers,Arsenal,Arsenal
306,9879,/match/840160/matchfacts/fulham-vs-blackpool,Fulham,Fulham
307,8456,/match/840159/matchfacts/manchester-city-vs-sunderland,Manchester City,Man City
308,8602,/match/840170/matchfacts/wolverhampton-wanderers-vs-everton,Wolverhampton Wanderers,Wolves
309,8655,/match/840171/matchfacts/blackburn-rovers-vs-birmingham-city,Blackburn Rovers,Blackburn
310,8559,/match/840172/matchfacts/bolton-wanderers-vs-west-ham-united,Bolton Wanderers,Bolton
311,8455,/match/840174/matchfacts/chelsea-vs-wigan-athletic,Chelsea,Chelsea
312,10260,/match/840165/matchfacts/manchester-united-vs-fulham,Manchester United,Man United
313,8472,/match/840167/matchfacts/sunderland-vs-west-bromwich-albion,Sunderland,Sunderland
314,8586,/match/840168/matchfacts/tottenham-hotspur-vs-stoke-city,Tottenham Hotspur,Tottenham
315,8483,/match/840173/matchfacts/blackpool-vs-arsenal,Blackpool,Blackpool
316,10252,/match/840169/matchfacts/aston-villa-vs-newcastle-united,Aston Villa,Aston Villa
317,8650,/match/840166/matchfacts/liverpool-vs-manchester-city,Liverpool,Liverpool
318,8658,/match/840181/matchfacts/birmingham-city-vs-sunderland,Birmingham City,Birmingham
319,8483,/match/839798/matchfacts/blackpool-vs-wigan-athletic,Blackpool,Blackpool
320,8668,/match/840177/matchfacts/everton-vs-blackburn-rovers,Everton,Everton
321,8659,/match/840182/matchfacts/west-bromwich-albion-vs-chelsea,West Bromwich Albion,West Brom
322,8654,/match/840176/matchfacts/west-ham-united-vs-aston-villa,West Ham United,West Ham
323,9825,/match/840175/matchfacts/arsenal-vs-liverpool,Arsenal,Arsenal
324,10261,/match/840178/matchfacts/newcastle-united-vs-manchester-united,Newcastle United,Newcastle
325,8455,/match/840134/matchfacts/chelsea-vs-birmingham-city,Chelsea,Chelsea
326,8586,/match/840125/matchfacts/tottenham-hotspur-vs-arsenal,Tottenham Hotspur,Tottenham
327,10260,/match/840185/matchfacts/manchester-united-vs-everton,Manchester United,Man United
328,10252,/match/840189/matchfacts/aston-villa-vs-stoke-city,Aston Villa,Aston Villa
329,8483,/match/840193/matchfacts/blackpool-vs-newcastle-united,Blackpool,Blackpool
330,8650,/match/840186/matchfacts/liverpool-vs-birmingham-city,Liverpool,Liverpool
331,8472,/match/840187/matchfacts/sunderland-vs-wigan-athletic,Sunderland,Sunderland
332,8586,/match/840188/matchfacts/tottenham-hotspur-vs-west-bromwich-albion,Tottenham Hotspur,Tottenham
333,8602,/match/840190/matchfacts/wolverhampton-wanderers-vs-fulham,Wolverhampton Wanderers,Wolves
334,8455,/match/840194/matchfacts/chelsea-vs-west-ham-united,Chelsea,Chelsea
335,8559,/match/840192/matchfacts/bolton-wanderers-vs-arsenal,Bolton Wanderers,Bolton
336,8655,/match/840191/matchfacts/blackburn-rovers-vs-manchester-city,Blackburn Rovers,Blackburn
337,10194,/match/840183/matchfacts/stoke-city-vs-wolverhampton-wanderers,Stoke City,Stoke
338,9879,/match/840180/matchfacts/fulham-vs-bolton-wanderers,Fulham,Fulham
339,8655,/match/840199/matchfacts/blackburn-rovers-vs-bolton-wanderers,Blackburn Rovers,Blackburn
340,8483,/match/840202/matchfacts/blackpool-vs-stoke-city,Blackpool,Blackpool
341,8472,/match/840197/matchfacts/sunderland-vs-fulham,Sunderland,Sunderland
342,8659,/match/840201/matchfacts/west-bromwich-albion-vs-aston-villa,West Bromwich Albion,West Brom
343,8528,/match/840203/matchfacts/wigan-athletic-vs-everton,Wigan Athletic,Wigan
344,8455,/match/840204/matchfacts/chelsea-vs-tottenham-hotspur,Chelsea,Chelsea
345,8658,/match/840200/matchfacts/birmingham-city-vs-wolverhampton-wanderers,Birmingham City,Birmingham
346,8650,/match/840196/matchfacts/liverpool-vs-newcastle-united,Liverpool,Liverpool
347,9825,/match/840195/matchfacts/arsenal-vs-manchester-united,Arsenal,Arsenal
348,8456,/match/840198/matchfacts/manchester-city-vs-west-ham-united,Manchester City,Man City
349,10252,/match/840208/matchfacts/aston-villa-vs-wigan-athletic,Aston Villa,Aston Villa
350,8559,/match/840213/matchfacts/bolton-wanderers-vs-sunderland,Bolton Wanderers,Bolton
351,8668,/match/840209/matchfacts/everton-vs-manchester-city,Everton,Everton
352,10261,/match/840210/matchfacts/newcastle-united-vs-birmingham-city,Newcastle United,Newcastle
353,8654,/match/840207/matchfacts/west-ham-united-vs-blackburn-rovers,West Ham United,West Ham
354,8586,/match/840206/matchfacts/tottenham-hotspur-vs-blackpool,Tottenham Hotspur,Tottenham
355,8602,/match/840211/matchfacts/wolverhampton-wanderers-vs-west-bromwich-albion,Wolverhampton Wanderers,Wolves
356,10194,/match/840214/matchfacts/stoke-city-vs-arsenal,Stoke City,Stoke
357,10260,/match/840205/matchfacts/manchester-united-vs-chelsea,Manchester United,Man United
358,9879,/match/840212/matchfacts/fulham-vs-liverpool,Fulham,Fulham
359,8456,/match/840179/matchfacts/manchester-city-vs-tottenham-hotspur,Manchester City,Man City
360,8655,/match/840219/matchfacts/blackburn-rovers-vs-manchester-united,Blackburn Rovers,Blackburn
361,8483,/match/840222/matchfacts/blackpool-vs-bolton-wanderers,Blackpool,Blackpool
362,8472,/match/840217/matchfacts/sunderland-vs-wolverhampton-wanderers,Sunderland,Sunderland
363,8659,/match/840221/matchfacts/west-bromwich-albion-vs-everton,West Bromwich Albion,West Brom
364,8455,/match/840224/matchfacts/chelsea-vs-newcastle-united,Chelsea,Chelsea
365,9825,/match/840215/matchfacts/arsenal-vs-aston-villa,Arsenal,Arsenal
366,8658,/match/840220/matchfacts/birmingham-city-vs-fulham,Birmingham City,Birmingham
367,8650,/match/840216/matchfacts/liverpool-vs-tottenham-hotspur,Liverpool,Liverpool
368,8528,/match/840223/matchfacts/wigan-athletic-vs-west-ham-united,Wigan Athletic,Wigan
369,8456,/match/840218/matchfacts/manchester-city-vs-stoke-city,Manchester City,Man City
370,10252,/match/840228/matchfacts/aston-villa-vs-liverpool,Aston Villa,Aston Villa
371,8559,/match/840233/matchfacts/bolton-wanderers-vs-manchester-city,Bolton Wanderers,Bolton
372,8668,/match/840229/matchfacts/everton-vs-chelsea,Everton,Everton
373,9879,/match/840232/matchfacts/fulham-vs-arsenal,Fulham,Fulham
374,10260,/match/840225/matchfacts/manchester-united-vs-blackpool,Manchester United,Man United
375,10261,/match/840230/matchfacts/newcastle-united-vs-west-bromwich-albion,Newcastle United,Newcastle
376,10194,/match/840234/matchfacts/stoke-city-vs-wigan-athletic,Stoke City,Stoke
377,8586,/match/840226/matchfacts/tottenham-hotspur-vs-birmingham-city,Tottenham Hotspur,Tottenham
378,8654,/match/840227/matchfacts/west-ham-united-vs-sunderland,West Ham United,West Ham
379,8602,/match/840231/matchfacts/wolverhampton-wanderers-vs-blackburn-rovers,Wolverhampton Wanderers,Wolves
380,8586,/match/839804/matchfacts/tottenham-hotspur-vs-manchester-city,Tottenham Hotspur,Tottenham
381,10252,/match/839796/matchfacts/aston-villa-vs-west-ham-united,Aston Villa,Aston Villa
382,8655,/match/839797/matchfacts/blackburn-rovers-vs-everton,Blackburn Rovers,Blackburn
383,8559,/match/839799/matchfacts/bolton-wanderers-vs-fulham,Bolton Wanderers,Bolton
384,8472,/match/839803/matchfacts/sunderland-vs-birmingham-city,Sunderland,Sunderland
385,8528,/match/840184/matchfacts/wigan-athletic-vs-blackpool,Wigan Athletic,Wigan
386,8602,/match/839805/matchfacts/wolverhampton-wanderers-vs-stoke-city,Wolverhampton Wanderers,Wolves
387,8455,/match/839800/matchfacts/chelsea-vs-west-bromwich-albion,Chelsea,Chelsea
388,8650,/match/839801/matchfacts/liverpool-vs-arsenal,Liverpool,Liverpool
389,10260,/match/839802/matchfacts/manchester-united-vs-newcastle-united,Manchester United,Man United
390,9825,/match/839824/matchfacts/arsenal-vs-blackpool,Arsenal,Arsenal
391,8658,/match/839830/matchfacts/birmingham-city-vs-blackburn-rovers,Birmingham City,Birmingham
392,8668,/match/839826/matchfacts/everton-vs-wolverhampton-wanderers,Everton,Everton
393,10194,/match/839832/matchfacts/stoke-city-vs-tottenham-hotspur,Stoke City,Stoke
394,8659,/match/839831/matchfacts/west-bromwich-albion-vs-sunderland,West Bromwich Albion,West Brom
395,8654,/match/839825/matchfacts/west-ham-united-vs-bolton-wanderers,West Ham United,West Ham
396,8528,/match/839833/matchfacts/wigan-athletic-vs-chelsea,Wigan Athletic,Wigan
397,10261,/match/839827/matchfacts/newcastle-united-vs-aston-villa,Newcastle United,Newcastle
398,9879,/match/839829/matchfacts/fulham-vs-manchester-united,Fulham,Fulham
399,8456,/match/839828/matchfacts/manchester-city-vs-liverpool,Manchester City,Man City
400,8655,/match/839840/matchfacts/blackburn-rovers-vs-arsenal,Blackburn Rovers,Blackburn
401,8483,/match/839842/matchfacts/blackpool-vs-fulham,Blackpool,Blackpool
402,8455,/match/839843/matchfacts/chelsea-vs-stoke-city,Chelsea,Chelsea
403,8586,/match/839837/matchfacts/tottenham-hotspur-vs-wigan-athletic,Tottenham Hotspur,Tottenham
404,8602,/match/839839/matchfacts/wolverhampton-wanderers-vs-newcastle-united,Wolverhampton Wanderers,Wolves
405,10260,/match/839834/matchfacts/manchester-united-vs-west-ham-united,Manchester United,Man United
406,8559,/match/839841/matchfacts/bolton-wanderers-vs-birmingham-city,Bolton Wanderers,Bolton
407,8650,/match/839835/matchfacts/liverpool-vs-west-bromwich-albion,Liverpool,Liverpool
408,8472,/match/839836/matchfacts/sunderland-vs-manchester-city,Sunderland,Sunderland
409,10252,/match/839838/matchfacts/aston-villa-vs-everton,Aston Villa,Aston Villa
410,8668,/match/839846/matchfacts/everton-vs-manchester-united,Everton,Everton
411,9825,/match/839844/matchfacts/arsenal-vs-bolton-wanderers,Arsenal,Arsenal
412,9879,/match/839849/matchfacts/fulham-vs-wolverhampton-wanderers,Fulham,Fulham
413,8456,/match/839848/matchfacts/manchester-city-vs-blackburn-rovers,Manchester City,Man City
414,10261,/match/839847/matchfacts/newcastle-united-vs-blackpool,Newcastle United,Newcastle
415,8659,/match/839851/matchfacts/west-bromwich-albion-vs-tottenham-hotspur,West Bromwich Albion,West Brom
416,8654,/match/839845/matchfacts/west-ham-united-vs-chelsea,West Ham United,West Ham
417,8528,/match/839853/matchfacts/wigan-athletic-vs-sunderland,Wigan Athletic,Wigan
418,8658,/match/839850/matchfacts/birmingham-city-vs-liverpool,Birmingham City,Birmingham
419,10194,/match/839852/matchfacts/stoke-city-vs-aston-villa,Stoke City,Stoke
420,10194,/match/839861/matchfacts/stoke-city-vs-west-ham-united,Stoke City,Stoke
421,10252,/match/839857/matchfacts/aston-villa-vs-bolton-wanderers,Aston Villa,Aston Villa
422,8655,/match/839859/matchfacts/blackburn-rovers-vs-fulham,Blackburn Rovers,Blackburn
423,8668,/match/839858/matchfacts/everton-vs-newcastle-united,Everton,Everton
424,8586,/match/839856/matchfacts/tottenham-hotspur-vs-wolverhampton-wanderers,Tottenham Hotspur,Tottenham
425,8659,/match/839860/matchfacts/west-bromwich-albion-vs-birmingham-city,West Bromwich Albion,West Brom
426,8472,/match/839855/matchfacts/sunderland-vs-arsenal,Sunderland,Sunderland
427,10260,/match/839854/matchfacts/manchester-united-vs-liverpool,Manchester United,Man United
428,8528,/match/839862/matchfacts/wigan-athletic-vs-manchester-city,Wigan Athletic,Wigan
429,8455,/match/839863/matchfacts/chelsea-vs-blackpool,Chelsea,Chelsea
430,8456,/match/839868/matchfacts/manchester-city-vs-chelsea,Manchester City,Man City
431,9825,/match/839864/matchfacts/arsenal-vs-west-bromwich-albion,Arsenal,Arsenal
432,8658,/match/839871/matchfacts/birmingham-city-vs-wigan-athletic,Birmingham City,Birmingham
433,8483,/match/839873/matchfacts/blackpool-vs-blackburn-rovers,Blackpool,Blackpool
434,9879,/match/839870/matchfacts/fulham-vs-everton,Fulham,Fulham
435,8650,/match/839865/matchfacts/liverpool-vs-sunderland,Liverpool,Liverpool
436,8654,/match/839866/matchfacts/west-ham-united-vs-tottenham-hotspur,West Ham United,West Ham
437,8559,/match/839872/matchfacts/bolton-wanderers-vs-manchester-united,Bolton Wanderers,Bolton
438,8602,/match/839869/matchfacts/wolverhampton-wanderers-vs-aston-villa,Wolverhampton Wanderers,Wolves
439,10261,/match/839867/matchfacts/newcastle-united-vs-stoke-city,Newcastle United,Newcastle
440,8528,/match/839882/matchfacts/wigan-athletic-vs-wolverhampton-wanderers,Wigan Athletic,Wigan
441,8658,/match/839879/matchfacts/birmingham-city-vs-everton,Birmingham City,Birmingham
442,10194,/match/839881/matchfacts/stoke-city-vs-blackburn-rovers,Stoke City,Stoke
443,8586,/match/839876/matchfacts/tottenham-hotspur-vs-aston-villa,Tottenham Hotspur,Tottenham
444,8659,/match/839880/matchfacts/west-bromwich-albion-vs-bolton-wanderers,West Bromwich Albion,West Brom
445,8654,/match/839877/matchfacts/west-ham-united-vs-fulham,West Ham United,West Ham
446,8472,/match/839875/matchfacts/sunderland-vs-manchester-united,Sunderland,Sunderland
447,8456,/match/839878/matchfacts/manchester-city-vs-newcastle-united,Manchester City,Man City
448,8650,/match/839874/matchfacts/liverpool-vs-blackpool,Liverpool,Liverpool
449,8455,/match/839883/matchfacts/chelsea-vs-arsenal,Chelsea,Chelsea
450,9825,/match/839885/matchfacts/arsenal-vs-birmingham-city,Arsenal,Arsenal
451,8559,/match/839892/matchfacts/bolton-wanderers-vs-stoke-city,Bolton Wanderers,Bolton
452,9879,/match/839891/matchfacts/fulham-vs-tottenham-hotspur,Fulham,Fulham
453,10260,/match/839884/matchfacts/manchester-united-vs-west-bromwich-albion,Manchester United,Man United
454,10261,/match/839888/matchfacts/newcastle-united-vs-wigan-athletic,Newcastle United,Newcastle
455,8602,/match/839889/matchfacts/wolverhampton-wanderers-vs-west-ham-united,Wolverhampton Wanderers,Wolves
456,10252,/match/839886/matchfacts/aston-villa-vs-chelsea,Aston Villa,Aston Villa
457,8668,/match/839887/matchfacts/everton-vs-liverpool,Everton,Everton
458,8483,/match/839893/matchfacts/blackpool-vs-manchester-city,Blackpool,Blackpool
459,8655,/match/839890/matchfacts/blackburn-rovers-vs-sunderland,Blackburn Rovers,Blackburn
460,8586,/match/839896/matchfacts/tottenham-hotspur-vs-everton,Tottenham Hotspur,Tottenham
461,8658,/match/839899/matchfacts/birmingham-city-vs-blackpool,Birmingham City,Birmingham
462,8455,/match/839903/matchfacts/chelsea-vs-wolverhampton-wanderers,Chelsea,Chelsea
463,8472,/match/839895/matchfacts/sunderland-vs-aston-villa,Sunderland,Sunderland
464,8659,/match/839900/matchfacts/west-bromwich-albion-vs-fulham,West Bromwich Albion,West Brom
465,8528,/match/839902/matchfacts/wigan-athletic-vs-bolton-wanderers,Wigan Athletic,Wigan
466,8654,/match/839897/matchfacts/west-ham-united-vs-newcastle-united,West Ham United,West Ham
467,10194,/match/839901/matchfacts/stoke-city-vs-manchester-united,Stoke City,Stoke
468,8650,/match/839894/matchfacts/liverpool-vs-blackburn-rovers,Liverpool,Liverpool
469,8456,/match/839898/matchfacts/manchester-city-vs-arsenal,Manchester City,Man City
470,9825,/match/839905/matchfacts/arsenal-vs-west-ham-united,Arsenal,Arsenal
471,8655,/match/839910/matchfacts/blackburn-rovers-vs-chelsea,Blackburn Rovers,Blackburn
472,8668,/match/839907/matchfacts/everton-vs-stoke-city,Everton,Everton
473,9879,/match/839911/matchfacts/fulham-vs-wigan-athletic,Fulham,Fulham
474,8602,/match/839909/matchfacts/wolverhampton-wanderers-vs-manchester-city,Wolverhampton Wanderers,Wolves
475,10260,/match/839904/matchfacts/manchester-united-vs-tottenham-hotspur,Manchester United,Man United
476,10252,/match/839906/matchfacts/aston-villa-vs-birmingham-city,Aston Villa,Aston Villa
477,10261,/match/839908/matchfacts/newcastle-united-vs-sunderland,Newcastle United,Newcastle
478,8559,/match/839912/matchfacts/bolton-wanderers-vs-liverpool,Bolton Wanderers,Bolton
479,8483,/match/839913/matchfacts/blackpool-vs-west-bromwich-albion,Blackpool,Blackpool
480,8559,/match/839921/matchfacts/bolton-wanderers-vs-tottenham-hotspur,Bolton Wanderers,Bolton
481,8658,/match/839920/matchfacts/birmingham-city-vs-west-ham-united,Birmingham City,Birmingham
482,8655,/match/839918/matchfacts/blackburn-rovers-vs-wigan-athletic,Blackburn Rovers,Blackburn
483,8483,/match/839923/matchfacts/blackpool-vs-everton,Blackpool,Blackpool
484,9879,/match/839919/matchfacts/fulham-vs-aston-villa,Fulham,Fulham
485,10260,/match/839914/matchfacts/manchester-united-vs-wolverhampton-wanderers,Manchester United,Man United
486,8472,/match/839917/matchfacts/sunderland-vs-stoke-city,Sunderland,Sunderland
487,9825,/match/839915/matchfacts/arsenal-vs-newcastle-united,Arsenal,Arsenal
488,8659,/match/839922/matchfacts/west-bromwich-albion-vs-manchester-city,West Bromwich Albion,West Brom
489,8650,/match/839916/matchfacts/liverpool-vs-chelsea,Liverpool,Liverpool
490,10194,/match/839927/matchfacts/stoke-city-vs-birmingham-city,Stoke City,Stoke
491,8586,/match/839924/matchfacts/tottenham-hotspur-vs-sunderland,Tottenham Hotspur,Tottenham
492,10252,/match/839929/matchfacts/aston-villa-vs-blackpool,Aston Villa,Aston Villa
493,8455,/match/839933/matchfacts/chelsea-vs-fulham,Chelsea,Chelsea
494,10261,/match/839931/matchfacts/newcastle-united-vs-blackburn-rovers,Newcastle United,Newcastle
495,8654,/match/839925/matchfacts/west-ham-united-vs-west-bromwich-albion,West Ham United,West Ham
496,8528,/match/839928/matchfacts/wigan-athletic-vs-liverpool,Wigan Athletic,Wigan
497,8602,/match/839926/matchfacts/wolverhampton-wanderers-vs-arsenal,Wolverhampton Wanderers,Wolves
498,8668,/match/839930/matchfacts/everton-vs-bolton-wanderers,Everton,Everton
499,8456,/match/839932/matchfacts/manchester-city-vs-manchester-united,Manchester City,Man City
500,10252,/match/839936/matchfacts/aston-villa-vs-manchester-united,Aston Villa,Aston Villa
501,8456,/match/839939/matchfacts/manchester-city-vs-birmingham-city,Manchester City,Man City
502,10261,/match/839938/matchfacts/newcastle-united-vs-fulham,Newcastle United,Newcastle
503,8586,/match/839934/matchfacts/tottenham-hotspur-vs-blackburn-rovers,Tottenham Hotspur,Tottenham
504,8654,/match/839935/matchfacts/west-ham-united-vs-blackpool,West Ham United,West Ham
505,8528,/match/839942/matchfacts/wigan-athletic-vs-west-bromwich-albion,Wigan Athletic,Wigan
506,8602,/match/839940/matchfacts/wolverhampton-wanderers-vs-bolton-wanderers,Wolverhampton Wanderers,Wolves
507,10194,/match/839941/matchfacts/stoke-city-vs-liverpool,Stoke City,Stoke
508,8668,/match/839937/matchfacts/everton-vs-arsenal,Everton,Everton
509,8455,/match/839943/matchfacts/chelsea-vs-sunderland,Chelsea,Chelsea
510,9825,/match/839945/matchfacts/arsenal-vs-tottenham-hotspur,Arsenal,Arsenal
511,8658,/match/839950/matchfacts/birmingham-city-vs-chelsea,Birmingham City,Birmingham
512,8483,/match/839953/matchfacts/blackpool-vs-wolverhampton-wanderers,Blackpool,Blackpool
513,8559,/match/839951/matchfacts/bolton-wanderers-vs-newcastle-united,Bolton Wanderers,Bolton
514,10260,/match/839944/matchfacts/manchester-united-vs-wigan-athletic,Manchester United,Man United
515,8659,/match/839952/matchfacts/west-bromwich-albion-vs-stoke-city,West Bromwich Albion,West Brom
516,8650,/match/839946/matchfacts/liverpool-vs-west-ham-united,Liverpool,Liverpool
517,8655,/match/839948/matchfacts/blackburn-rovers-vs-aston-villa,Blackburn Rovers,Blackburn
518,9879,/match/839949/matchfacts/fulham-vs-manchester-city,Fulham,Fulham
519,8472,/match/839947/matchfacts/sunderland-vs-everton,Sunderland,Sunderland
520,10252,/match/839957/matchfacts/aston-villa-vs-arsenal,Aston Villa,Aston Villa
521,8559,/match/839962/matchfacts/bolton-wanderers-vs-blackpool,Bolton Wanderers,Bolton
522,8668,/match/839958/matchfacts/everton-vs-west-bromwich-albion,Everton,Everton
523,9879,/match/839961/matchfacts/fulham-vs-birmingham-city,Fulham,Fulham
524,10260,/match/839954/matchfacts/manchester-united-vs-blackburn-rovers,Manchester United,Man United
525,10194,/match/839963/matchfacts/stoke-city-vs-manchester-city,Stoke City,Stoke
526,8654,/match/839956/matchfacts/west-ham-united-vs-wigan-athletic,West Ham United,West Ham
527,8602,/match/839960/matchfacts/wolverhampton-wanderers-vs-sunderland,Wolverhampton Wanderers,Wolves
528,10261,/match/839959/matchfacts/newcastle-united-vs-chelsea,Newcastle United,Newcastle
529,8586,/match/839955/matchfacts/tottenham-hotspur-vs-liverpool,Tottenham Hotspur,Tottenham
530,9825,/match/839964/matchfacts/arsenal-vs-fulham,Arsenal,Arsenal
531,8658,/match/839969/matchfacts/birmingham-city-vs-tottenham-hotspur,Birmingham City,Birmingham
532,8655,/match/839968/matchfacts/blackburn-rovers-vs-wolverhampton-wanderers,Blackburn Rovers,Blackburn
533,8455,/match/839973/matchfacts/chelsea-vs-everton,Chelsea,Chelsea
534,8456,/match/839967/matchfacts/manchester-city-vs-bolton-wanderers,Manchester City,Man City
535,8528,/match/839972/matchfacts/wigan-athletic-vs-stoke-city,Wigan Athletic,Wigan
536,8659,/match/839970/matchfacts/west-bromwich-albion-vs-newcastle-united,West Bromwich Albion,West Brom
537,8472,/match/839966/matchfacts/sunderland-vs-west-ham-united,Sunderland,Sunderland
538,8650,/match/839965/matchfacts/liverpool-vs-aston-villa,Liverpool,Liverpool
539,10252,/match/839977/matchfacts/aston-villa-vs-west-bromwich-albion,Aston Villa,Aston Villa
540,8668,/match/839978/matchfacts/everton-vs-wigan-athletic,Everton,Everton
541,9879,/match/839981/matchfacts/fulham-vs-sunderland,Fulham,Fulham
542,10194,/match/839983/matchfacts/stoke-city-vs-blackpool,Stoke City,Stoke
543,8654,/match/839976/matchfacts/west-ham-united-vs-manchester-city,West Ham United,West Ham
544,10261,/match/839979/matchfacts/newcastle-united-vs-liverpool,Newcastle United,Newcastle
545,8559,/match/839982/matchfacts/bolton-wanderers-vs-blackburn-rovers,Bolton Wanderers,Bolton
546,8602,/match/839980/matchfacts/wolverhampton-wanderers-vs-birmingham-city,Wolverhampton Wanderers,Wolves
547,8586,/match/839975/matchfacts/tottenham-hotspur-vs-chelsea,Tottenham Hotspur,Tottenham
548,10260,/match/839974/matchfacts/manchester-united-vs-arsenal,Manchester United,Man United
549,8472,/match/839986/matchfacts/sunderland-vs-bolton-wanderers,Sunderland,Sunderland
550,8655,/match/839988/matchfacts/blackburn-rovers-vs-west-ham-united,Blackburn Rovers,Blackburn
551,8456,/match/839987/matchfacts/manchester-city-vs-everton,Manchester City,Man City
552,9879,/match/840001/matchfacts/fulham-vs-west-ham-united,Fulham,Fulham
553,8655,/match/840000/matchfacts/blackburn-rovers-vs-stoke-city,Blackburn Rovers,Blackburn
554,8559,/match/840002/matchfacts/bolton-wanderers-vs-west-bromwich-albion,Bolton Wanderers,Bolton
555,10260,/match/839994/matchfacts/manchester-united-vs-sunderland,Manchester United,Man United
556,10261,/match/839998/matchfacts/newcastle-united-vs-manchester-city,Newcastle United,Newcastle
557,8602,/match/839999/matchfacts/wolverhampton-wanderers-vs-wigan-athletic,Wolverhampton Wanderers,Wolves
558,10252,/match/839996/matchfacts/aston-villa-vs-tottenham-hotspur,Aston Villa,Aston Villa
559,9825,/match/839995/matchfacts/arsenal-vs-chelsea,Arsenal,Arsenal
560,8456,/match/840008/matchfacts/manchester-city-vs-aston-villa,Manchester City,Man City
561,10194,/match/840011/matchfacts/stoke-city-vs-fulham,Stoke City,Stoke
562,8472,/match/840005/matchfacts/sunderland-vs-blackpool,Sunderland,Sunderland
563,8586,/match/840006/matchfacts/tottenham-hotspur-vs-newcastle-united,Tottenham Hotspur,Tottenham
564,8659,/match/840010/matchfacts/west-bromwich-albion-vs-blackburn-rovers,West Bromwich Albion,West Brom
565,8654,/match/840007/matchfacts/west-ham-united-vs-everton,West Ham United,West Ham
566,8658,/match/840009/matchfacts/birmingham-city-vs-manchester-united,Birmingham City,Birmingham
567,8455,/match/840013/matchfacts/chelsea-vs-bolton-wanderers,Chelsea,Chelsea
568,8528,/match/840012/matchfacts/wigan-athletic-vs-arsenal,Wigan Athletic,Wigan
569,8650,/match/840004/matchfacts/liverpool-vs-wolverhampton-wanderers,Liverpool,Liverpool
570,8659,/match/840061/matchfacts/west-bromwich-albion-vs-manchester-united,West Bromwich Albion,West Brom
571,8650,/match/840055/matchfacts/liverpool-vs-bolton-wanderers,Liverpool,Liverpool
572,8456,/match/840059/matchfacts/manchester-city-vs-blackpool,Manchester City,Man City
573,10194,/match/840062/matchfacts/stoke-city-vs-everton,Stoke City,Stoke
574,8472,/match/840056/matchfacts/sunderland-vs-blackburn-rovers,Sunderland,Sunderland
575,8586,/match/840057/matchfacts/tottenham-hotspur-vs-fulham,Tottenham Hotspur,Tottenham
576,8654,/match/840058/matchfacts/west-ham-united-vs-wolverhampton-wanderers,West Ham United,West Ham
577,8658,/match/840060/matchfacts/birmingham-city-vs-arsenal,Birmingham City,Birmingham
578,8455,/match/840064/matchfacts/chelsea-vs-aston-villa,Chelsea,Chelsea
579,8528,/match/840063/matchfacts/wigan-athletic-vs-newcastle-united,Wigan Athletic,Wigan
580,8483,/match/840069/matchfacts/blackpool-vs-birmingham-city,Blackpool,Blackpool
581,9879,/match/840074/matchfacts/fulham-vs-west-bromwich-albion,Fulham,Fulham
582,10260,/match/840065/matchfacts/manchester-united-vs-stoke-city,Manchester United,Man United
583,9825,/match/840066/matchfacts/arsenal-vs-manchester-city,Arsenal,Arsenal
584,10252,/match/840070/matchfacts/aston-villa-vs-sunderland,Aston Villa,Aston Villa
585,10261,/match/840072/matchfacts/newcastle-united-vs-west-ham-united,Newcastle United,Newcastle
586,8602,/match/840067/matchfacts/wolverhampton-wanderers-vs-chelsea,Wolverhampton Wanderers,Wolves
587,8655,/match/840073/matchfacts/blackburn-rovers-vs-liverpool,Blackburn Rovers,Blackburn
588,8559,/match/840068/matchfacts/bolton-wanderers-vs-wigan-athletic,Bolton Wanderers,Bolton
589,8668,/match/840071/matchfacts/everton-vs-tottenham-hotspur,Everton,Everton
590,8483,/match/840003/matchfacts/blackpool-vs-liverpool,Blackpool,Blackpool
591,8455,/match/840084/matchfacts/chelsea-vs-blackburn-rovers,Chelsea,Chelsea
592,8456,/match/840079/matchfacts/manchester-city-vs-wolverhampton-wanderers,Manchester City,Man City
593,10194,/match/840082/matchfacts/stoke-city-vs-bolton-wanderers,Stoke City,Stoke
594,8659,/match/840081/matchfacts/west-bromwich-albion-vs-blackpool,West Bromwich Albion,West Brom
595,8528,/match/840083/matchfacts/wigan-athletic-vs-fulham,Wigan Athletic,Wigan
596,8654,/match/840078/matchfacts/west-ham-united-vs-arsenal,West Ham United,West Ham
597,8658,/match/840080/matchfacts/birmingham-city-vs-aston-villa,Birmingham City,Birmingham
598,8472,/match/840076/matchfacts/sunderland-vs-newcastle-united,Sunderland,Sunderland
599,8650,/match/840075/matchfacts/liverpool-vs-everton,Liverpool,Liverpool
600,8586,/match/840077/matchfacts/tottenham-hotspur-vs-manchester-united,Tottenham Hotspur,Tottenham
601,8602,/match/840090/matchfacts/wolverhampton-wanderers-vs-liverpool,Wolverhampton Wanderers,Wolves
602,9825,/match/840086/matchfacts/arsenal-vs-wigan-athletic,Arsenal,Arsenal
603,8483,/match/840094/matchfacts/blackpool-vs-sunderland,Blackpool,Blackpool
604,8668,/match/840088/matchfacts/everton-vs-west-ham-united,Everton,Everton
605,9879,/match/840092/matchfacts/fulham-vs-stoke-city,Fulham,Fulham
606,10260,/match/840085/matchfacts/manchester-united-vs-birmingham-city,Manchester United,Man United
607,10261,/match/840089/matchfacts/newcastle-united-vs-tottenham-hotspur,Newcastle United,Newcastle
608,10252,/match/840087/matchfacts/aston-villa-vs-manchester-city,Aston Villa,Aston Villa
609,8655,/match/840091/matchfacts/blackburn-rovers-vs-west-bromwich-albion,Blackburn Rovers,Blackburn
610,8559,/match/840093/matchfacts/bolton-wanderers-vs-chelsea,Bolton Wanderers,Bolton
611,8483,/match/839971/matchfacts/blackpool-vs-manchester-united,Blackpool,Blackpool
612,8528,/match/839992/matchfacts/wigan-athletic-vs-aston-villa,Wigan Athletic,Wigan
613,8650,/match/839985/matchfacts/liverpool-vs-fulham,Liverpool,Liverpool
614,9825,/match/840096/matchfacts/arsenal-vs-everton,Arsenal,Arsenal
615,8472,/match/840097/matchfacts/sunderland-vs-chelsea,Sunderland,Sunderland
616,10260,/match/840095/matchfacts/manchester-united-vs-aston-villa,Manchester United,Man United
617,8659,/match/840100/matchfacts/west-bromwich-albion-vs-wigan-athletic,West Bromwich Albion,West Brom
618,8658,/match/840098/matchfacts/birmingham-city-vs-manchester-city,Birmingham City,Birmingham
619,8655,/match/840103/matchfacts/blackburn-rovers-vs-tottenham-hotspur,Blackburn Rovers,Blackburn
620,8483,/match/840101/matchfacts/blackpool-vs-west-ham-united,Blackpool,Blackpool
621,8559,/match/840099/matchfacts/bolton-wanderers-vs-wolverhampton-wanderers,Bolton Wanderers,Bolton
622,9879,/match/840104/matchfacts/fulham-vs-newcastle-united,Fulham,Fulham
623,8650,/match/840102/matchfacts/liverpool-vs-stoke-city,Liverpool,Liverpool
624,10194,/match/840112/matchfacts/stoke-city-vs-sunderland,Stoke City,Stoke
625,10252,/match/840107/matchfacts/aston-villa-vs-fulham,Aston Villa,Aston Villa
626,8668,/match/840108/matchfacts/everton-vs-blackpool,Everton,Everton
627,8456,/match/840110/matchfacts/manchester-city-vs-west-bromwich-albion,Manchester City,Man City
628,10261,/match/840109/matchfacts/newcastle-united-vs-arsenal,Newcastle United,Newcastle
629,8586,/match/840105/matchfacts/tottenham-hotspur-vs-bolton-wanderers,Tottenham Hotspur,Tottenham
630,8528,/match/840113/matchfacts/wigan-athletic-vs-blackburn-rovers,Wigan Athletic,Wigan
631,8602,/match/840111/matchfacts/wolverhampton-wanderers-vs-manchester-united,Wolverhampton Wanderers,Wolves
632,8654,/match/840106/matchfacts/west-ham-united-vs-birmingham-city,West Ham United,West Ham
633,8455,/match/840114/matchfacts/chelsea-vs-liverpool,Chelsea,Chelsea
634,10260,/match/840115/matchfacts/manchester-united-vs-manchester-city,Manchester United,Man United
635,9825,/match/840116/matchfacts/arsenal-vs-wolverhampton-wanderers,Arsenal,Arsenal
636,8658,/match/840121/matchfacts/birmingham-city-vs-stoke-city,Birmingham City,Birmingham
637,8655,/match/840119/matchfacts/blackburn-rovers-vs-newcastle-united,Blackburn Rovers,Blackburn
638,8483,/match/840124/matchfacts/blackpool-vs-aston-villa,Blackpool,Blackpool
639,8650,/match/840117/matchfacts/liverpool-vs-wigan-athletic,Liverpool,Liverpool
640,8659,/match/840123/matchfacts/west-bromwich-albion-vs-west-ham-united,West Bromwich Albion,West Brom
641,8472,/match/840118/matchfacts/sunderland-vs-tottenham-hotspur,Sunderland,Sunderland
642,8559,/match/840122/matchfacts/bolton-wanderers-vs-everton,Bolton Wanderers,Bolton
643,9879,/match/840120/matchfacts/fulham-vs-chelsea,Fulham,Fulham
644,8658,/match/839989/matchfacts/birmingham-city-vs-newcastle-united,Birmingham City,Birmingham
645,8659,/match/839990/matchfacts/west-bromwich-albion-vs-wolverhampton-wanderers,West Bromwich Albion,West Brom
646,8483,/match/839991/matchfacts/blackpool-vs-tottenham-hotspur,Blackpool,Blackpool
647,9825,/match/839984/matchfacts/arsenal-vs-stoke-city,Arsenal,Arsenal
648,10252,/match/840127/matchfacts/aston-villa-vs-blackburn-rovers,Aston Villa,Aston Villa
649,8668,/match/840128/matchfacts/everton-vs-sunderland,Everton,Everton
650,10261,/match/840129/matchfacts/newcastle-united-vs-bolton-wanderers,Newcastle United,Newcastle
651,8528,/match/840133/matchfacts/wigan-athletic-vs-manchester-united,Wigan Athletic,Wigan
652,8602,/match/840131/matchfacts/wolverhampton-wanderers-vs-blackpool,Wolverhampton Wanderers,Wolves
653,8654,/match/840126/matchfacts/west-ham-united-vs-liverpool,West Ham United,West Ham
654,8456,/match/840130/matchfacts/manchester-city-vs-fulham,Manchester City,Man City
655,10194,/match/840132/matchfacts/stoke-city-vs-west-bromwich-albion,Stoke City,Stoke
656,8455,/match/839993/matchfacts/chelsea-vs-manchester-united,Chelsea,Chelsea
657,8658,/match/840142/matchfacts/birmingham-city-vs-west-bromwich-albion,Birmingham City,Birmingham
658,9825,/match/840135/matchfacts/arsenal-vs-sunderland,Arsenal,Arsenal
659,8559,/match/840143/matchfacts/bolton-wanderers-vs-aston-villa,Bolton Wanderers,Bolton
660,9879,/match/840141/matchfacts/fulham-vs-blackburn-rovers,Fulham,Fulham
661,10261,/match/840138/matchfacts/newcastle-united-vs-everton,Newcastle United,Newcastle
662,8654,/match/840137/matchfacts/west-ham-united-vs-stoke-city,West Ham United,West Ham
663,8456,/match/840139/matchfacts/manchester-city-vs-wigan-athletic,Manchester City,Man City
664,8650,/match/840136/matchfacts/liverpool-vs-manchester-united,Liverpool,Liverpool
665,8602,/match/840140/matchfacts/wolverhampton-wanderers-vs-tottenham-hotspur,Wolverhampton Wanderers,Wolves
666,8483,/match/840144/matchfacts/blackpool-vs-chelsea,Blackpool,Blackpool
667,8668,/match/839997/matchfacts/everton-vs-birmingham-city,Everton,Everton
668,8586,/match/840147/matchfacts/tottenham-hotspur-vs-west-ham-united,Tottenham Hotspur,Tottenham
669,10252,/match/840148/matchfacts/aston-villa-vs-wolverhampton-wanderers,Aston Villa,Aston Villa
670,8655,/match/840150/matchfacts/blackburn-rovers-vs-blackpool,Blackburn Rovers,Blackburn
671,10260,/match/840145/matchfacts/manchester-united-vs-bolton-wanderers,Manchester United,Man United
672,10194,/match/840152/matchfacts/stoke-city-vs-newcastle-united,Stoke City,Stoke
673,8659,/match/840151/matchfacts/west-bromwich-albion-vs-arsenal,West Bromwich Albion,West Brom
674,8528,/match/840153/matchfacts/wigan-athletic-vs-birmingham-city,Wigan Athletic,Wigan
675,8668,/match/840149/matchfacts/everton-vs-fulham,Everton,Everton
676,8472,/match/840146/matchfacts/sunderland-vs-liverpool,Sunderland,Sunderland
677,8455,/match/840154/matchfacts/chelsea-vs-manchester-city,Chelsea,Chelsea
678,8654,/match/840156/matchfacts/west-ham-united-vs-manchester-united,West Ham United,West Ham
679,8658,/match/840161/matchfacts/birmingham-city-vs-bolton-wanderers,Birmingham City,Birmingham
680,8668,/match/840157/matchfacts/everton-vs-aston-villa,Everton,Everton
681,10261,/match/840158/matchfacts/newcastle-united-vs-wolverhampton-wanderers,Newcastle United,Newcastle
682,10194,/match/840163/matchfacts/stoke-city-vs-chelsea,Stoke City,Stoke
683,8659,/match/840162/matchfacts/west-bromwich-albion-vs-liverpool,West Bromwich Albion,West Brom
684,8528,/match/840164/matchfacts/wigan-athletic-vs-tottenham-hotspur,Wigan Athletic,Wigan
685,9825,/match/840155/matchfacts/arsenal-vs-blackburn-rovers,Arsenal,Arsenal
686,9879,/match/840160/matchfacts/fulham-vs-blackpool,Fulham,Fulham
687,8456,/match/840159/matchfacts/manchester-city-vs-sunderland,Manchester City,Man City
688,8602,/match/840170/matchfacts/wolverhampton-wanderers-vs-everton,Wolverhampton Wanderers,Wolves
689,8655,/match/840171/matchfacts/blackburn-rovers-vs-birmingham-city,Blackburn Rovers,Blackburn
690,8559,/match/840172/matchfacts/bolton-wanderers-vs-west-ham-united,Bolton Wanderers,Bolton
691,8455,/match/840174/matchfacts/chelsea-vs-wigan-athletic,Chelsea,Chelsea
692,10260,/match/840165/matchfacts/manchester-united-vs-fulham,Manchester United,Man United
693,8472,/match/840167/matchfacts/sunderland-vs-west-bromwich-albion,Sunderland,Sunderland
694,8586,/match/840168/matchfacts/tottenham-hotspur-vs-stoke-city,Tottenham Hotspur,Tottenham
695,8483,/match/840173/matchfacts/blackpool-vs-arsenal,Blackpool,Blackpool
696,10252,/match/840169/matchfacts/aston-villa-vs-newcastle-united,Aston Villa,Aston Villa
697,8650,/match/840166/matchfacts/liverpool-vs-manchester-city,Liverpool,Liverpool
698,8658,/match/840181/matchfacts/birmingham-city-vs-sunderland,Birmingham City,Birmingham
699,8483,/match/839798/matchfacts/blackpool-vs-wigan-athletic,Blackpool,Blackpool
700,8668,/match/840177/matchfacts/everton-vs-blackburn-rovers,Everton,Everton
701,8659,/match/840182/matchfacts/west-bromwich-albion-vs-chelsea,West Bromwich Albion,West Brom
702,8654,/match/840176/matchfacts/west-ham-united-vs-aston-villa,West Ham United,West Ham
703,9825,/match/840175/matchfacts/arsenal-vs-liverpool,Arsenal,Arsenal
704,10261,/match/840178/matchfacts/newcastle-united-vs-manchester-united,Newcastle United,Newcastle
705,8455,/match/840134/matchfacts/chelsea-vs-birmingham-city,Chelsea,Chelsea
706,8586,/match/840125/matchfacts/tottenham-hotspur-vs-arsenal,Tottenham Hotspur,Tottenham
707,10260,/match/840185/matchfacts/manchester-united-vs-everton,Manchester United,Man United
708,10252,/match/840189/matchfacts/aston-villa-vs-stoke-city,Aston Villa,Aston Villa
709,8483,/match/840193/matchfacts/blackpool-vs-newcastle-united,Blackpool,Blackpool
710,8650,/match/840186/matchfacts/liverpool-vs-birmingham-city,Liverpool,Liverpool
711,8472,/match/840187/matchfacts/sunderland-vs-wigan-athletic,Sunderland,Sunderland
712,8586,/match/840188/matchfacts/tottenham-hotspur-vs-west-bromwich-albion,Tottenham Hotspur,Tottenham
713,8602,/match/840190/matchfacts/wolverhampton-wanderers-vs-fulham,Wolverhampton Wanderers,Wolves
714,8455,/match/840194/matchfacts/chelsea-vs-west-ham-united,Chelsea,Chelsea
715,8559,/match/840192/matchfacts/bolton-wanderers-vs-arsenal,Bolton Wanderers,Bolton
716,8655,/match/840191/matchfacts/blackburn-rovers-vs-manchester-city,Blackburn Rovers,Blackburn
717,10194,/match/840183/matchfacts/stoke-city-vs-wolverhampton-wanderers,Stoke City,Stoke
718,9879,/match/840180/matchfacts/fulham-vs-bolton-wanderers,Fulham,Fulham
719,8655,/match/840199/matchfacts/blackburn-rovers-vs-bolton-wanderers,Blackburn Rovers,Blackburn
720,8483,/match/840202/matchfacts/blackpool-vs-stoke-city,Blackpool,Blackpool
721,8472,/match/840197/matchfacts/sunderland-vs-fulham,Sunderland,Sunderland
722,8659,/match/840201/matchfacts/west-bromwich-albion-vs-aston-villa,West Bromwich Albion,West Brom
723,8528,/match/840203/matchfacts/wigan-athletic-vs-everton,Wigan Athletic,Wigan
724,8455,/match/840204/matchfacts/chelsea-vs-tottenham-hotspur,Chelsea,Chelsea
725,8658,/match/840200/matchfacts/birmingham-city-vs-wolverhampton-wanderers,Birmingham City,Birmingham
726,8650,/match/840196/matchfacts/liverpool-vs-newcastle-united,Liverpool,Liverpool
727,9825,/match/840195/matchfacts/arsenal-vs-manchester-united,Arsenal,Arsenal
728,8456,/match/840198/matchfacts/manchester-city-vs-west-ham-united,Manchester City,Man City
729,10252,/match/840208/matchfacts/aston-villa-vs-wigan-athletic,Aston Villa,Aston Villa
730,8559,/match/840213/matchfacts/bolton-wanderers-vs-sunderland,Bolton Wanderers,Bolton
731,8668,/match/840209/matchfacts/everton-vs-manchester-city,Everton,Everton
732,10261,/match/840210/matchfacts/newcastle-united-vs-birmingham-city,Newcastle United,Newcastle
733,8654,/match/840207/matchfacts/west-ham-united-vs-blackburn-rovers,West Ham United,West Ham
734,8586,/match/840206/matchfacts/tottenham-hotspur-vs-blackpool,Tottenham Hotspur,Tottenham
735,8602,/match/840211/matchfacts/wolverhampton-wanderers-vs-west-bromwich-albion,Wolverhampton Wanderers,Wolves
736,10194,/match/840214/matchfacts/stoke-city-vs-arsenal,Stoke City,Stoke
737,10260,/match/840205/matchfacts/manchester-united-vs-chelsea,Manchester United,Man United
738,9879,/match/840212/matchfacts/fulham-vs-liverpool,Fulham,Fulham
739,8456,/match/840179/matchfacts/manchester-city-vs-tottenham-hotspur,Manchester City,Man City
740,8655,/match/840219/matchfacts/blackburn-rovers-vs-manchester-united,Blackburn Rovers,Blackburn
741,8483,/match/840222/matchfacts/blackpool-vs-bolton-wanderers,Blackpool,Blackpool
742,8472,/match/840217/matchfacts/sunderland-vs-wolverhampton-wanderers,Sunderland,Sunderland
743,8659,/match/840221/matchfacts/west-bromwich-albion-vs-everton,West Bromwich Albion,West Brom
744,8455,/match/840224/matchfacts/chelsea-vs-newcastle-united,Chelsea,Chelsea
745,9825,/match/840215/matchfacts/arsenal-vs-aston-villa,Arsenal,Arsenal
746,8658,/match/840220/matchfacts/birmingham-city-vs-fulham,Birmingham City,Birmingham
747,8650,/match/840216/matchfacts/liverpool-vs-tottenham-hotspur,Liverpool,Liverpool
748,8528,/match/840223/matchfacts/wigan-athletic-vs-west-ham-united,Wigan Athletic,Wigan
749,8456,/match/840218/matchfacts/manchester-city-vs-stoke-city,Manchester City,Man City
750,10252,/match/840228/matchfacts/aston-villa-vs-liverpool,Aston Villa,Aston Villa
751,8559,/match/840233/matchfacts/bolton-wanderers-vs-manchester-city,Bolton Wanderers,Bolton
752,8668,/match/840229/matchfacts/everton-vs-chelsea,Everton,Everton
753,9879,/match/840232/matchfacts/fulham-vs-arsenal,Fulham,Fulham
754,10260,/match/840225/matchfacts/manchester-united-vs-blackpool,Manchester United,Man United
755,10261,/match/840230/matchfacts/newcastle-united-vs-west-bromwich-albion,Newcastle United,Newcastle
756,10194,/match/840234/matchfacts/stoke-city-vs-wigan-athletic,Stoke City,Stoke
757,8586,/match/840226/matchfacts/tottenham-hotspur-vs-birmingham-city,Tottenham Hotspur,Tottenham
758,8654,/match/840227/matchfacts/west-ham-united-vs-sunderland,West Ham United,West Ham
759,8602,/match/840231/matchfacts/wolverhampton-wanderers-vs-blackburn-rovers,Wolverhampton Wanderers,Wolves
